ID,SALER,CODE,PRICE,CURRENCY,REFERENCE NUMBER,TIME
1,klook,602914748959505,500.00,CNY,380980c0cf2d4acb6fe40bc776e94b4f,2019-07-11T15:19:29.25Z
2,klook,507428224574130,500.00,CNY,c8386d3418db423e4661ff524fcf702b,2019-07-11T15:19:29.25Z
3,klook,487774758735825,500.00,CNY,f455e88bfd0946d17042462f7c1e7742,2019-07-11T15:19:29.25Z
4,klook,415515514037526,500.00,CNY,a258fa6b3de241ee5858a69bb34c7652,2019-07-11T15:19:29.25Z
5,klook,234717428689937,500.00,CNY,c6a00f12804f4d78420034c94c4de622,2019-07-11T15:19:29.25Z
6,klook,524487697210689,500.00,CNY,e3229660ff49403057f3ebe8ef348731,2019-07-11T15:19:29.25Z
7,klook,317035250224413,500.00,CNY,52bd98f685964feb65e57848f0304790,2019-07-11T15:19:29.25Z
8,klook,724918467994547,500.00,CNY,83805be5633a4d7a4deefdaec065652d,2019-07-11T15:19:29.25Z
9,klook,931994265884899,500.00,CNY,9a3321cf862648915b540a29a14d191c,2019-07-11T15:19:29.25Z
10,klook,825612316880162,500.00,CNY,dfb3936c8ed344856d8aa88c2fb92d67,2019-07-11T15:19:29.25Z
11,klook,487987515754158,500.00,CNY,cc43e5eec5d84ccb5e741c271f417eee,2019-07-11T15:19:29.25Z
12,klook,668311509604968,500.00,CNY,3c7e456a48224d4040854a52c2f9b023,2019-07-11T15:19:29.25Z
13,klook,273744047800020,500.00,CNY,7d0c9110e68448c0502c45464f9ed0f0,2019-07-11T15:19:29.25Z
14,klook,927197553006678,500.00,CNY,10e5d759d7ad4b7667dd09b39f316a3d,2019-07-11T15:19:29.25Z
15,klook,226040152866994,500.00,CNY,8d27dfab1d76463d7301939131844d77,2019-07-11T15:19:29.25Z
16,klook,635223340186440,500.00,CNY,ada14f6d81e241af4c049f06e16704c0,2019-07-11T15:19:29.25Z
17,klook,224846123738611,500.00,CNY,2dbae15c84ca4e2f7dddeadb77c7ef51,2019-07-11T15:19:29.25Z
18,klook,585778961909667,500.00,CNY,b0595eea085941a94f16373ceb2f9dc0,2019-07-11T15:19:29.25Z
19,klook,968238673300507,500.00,CNY,ad7dc06bca044ea544db48585b209629,2019-07-11T15:19:29.25Z
20,klook,505183541798693,500.00,CNY,90efb1163dfd42f359c58969cd0a8bf9,2019-07-11T15:19:29.25Z
21,klook,921244238405977,500.00,CNY,e159495945a04e0c61b71e57c54e3eb7,2019-07-11T15:19:29.25Z
22,klook,759177136077441,500.00,CNY,b5a4de9e16794f477a1cffa6192dac73,2019-07-11T15:19:29.25Z
23,klook,259442309202502,500.00,CNY,7a1890ca0a5a4cbc5b000840cf3a50b2,2019-07-11T15:19:29.25Z
24,klook,843473282833131,500.00,CNY,8e296f93edb14d28606cc7fe3ef6b124,2019-07-11T15:19:29.25Z
25,klook,430780801812193,500.00,CNY,33d297fcbd714aa94adbab5df21143fd,2019-07-11T15:19:29.25Z
26,klook,470310148606091,500.00,CNY,fc076b208c7e439f58ee3f6b7575f033,2019-07-11T15:19:29.25Z
27,klook,483480664968034,500.00,CNY,87c3929bb6974e817d14fe764853032d,2019-07-11T15:19:29.25Z
28,klook,730630492552125,500.00,CNY,e7d23ff69c764ac95e0a548165787a72,2019-07-11T15:19:29.25Z
29,klook,899867845438771,500.00,CNY,038c35f89e0c44c277a2345213374674,2019-07-11T15:19:29.25Z
30,klook,610281754767332,500.00,CNY,74d7f83a4ffe460d683808e53bed727a,2019-07-11T15:19:29.25Z
31,klook,334509480491580,500.00,CNY,47122556dd604f817410218ec7642032,2019-07-11T15:19:29.25Z
32,klook,333247747691269,500.00,CNY,d48a089b425e484a6f719158d5734818,2019-07-11T15:19:29.25Z
33,klook,317269646522490,500.00,CNY,c92964b441f44f174fe32d9c421704ab,2019-07-11T15:19:29.25Z
34,klook,468295099769190,500.00,CNY,2ea089ff06d7448e5f40cbf06429fa19,2019-07-11T15:19:29.25Z
35,klook,248722471072014,500.00,CNY,8de7aae5da9246dc724c15005a1b9223,2019-07-11T15:19:29.25Z
36,klook,864532274207218,500.00,CNY,d6c1b7de02f749f861ccbb557dbdd590,2019-07-11T15:19:29.25Z
37,klook,891512928605223,500.00,CNY,de5ffec6f367477055aa4a0ce4118180,2019-07-11T15:19:29.25Z
38,klook,863329475857459,500.00,CNY,be35ae46063249ac4c07fb7b32454c52,2019-07-11T15:19:29.25Z
39,klook,828170656088222,500.00,CNY,00c7f3ed5e2b483753860acc5214ddec,2019-07-11T15:19:29.25Z
40,klook,855367301934254,500.00,CNY,f847982c0ffb48774dcde17ed9401091,2019-07-11T15:19:29.25Z
41,klook,455558734372187,500.00,CNY,20687bf9ddb84ca86a934dcf2b9b6dca,2019-07-11T15:19:29.25Z
42,klook,120895579735857,500.00,CNY,fa610de7328a40fb5133daeddced546d,2019-07-11T15:19:29.25Z
43,klook,533581444927688,500.00,CNY,ac92deb869424fed4d24a682468db5d5,2019-07-11T15:19:29.25Z
44,klook,152528770904073,500.00,CNY,1338e2fda1cd486b49f327aa2fb505ef,2019-07-11T15:19:29.25Z
45,klook,391527286376197,500.00,CNY,e04164c94e57483865d4c0800ef6d6ec,2019-07-11T15:19:29.25Z
46,klook,862877856873070,500.00,CNY,a6b8aa4a63f249f4773b1bb6411fa2d0,2019-07-11T15:19:29.25Z
47,klook,174946074022995,500.00,CNY,0fec05134f69410e6a3a8a089c6543d7,2019-07-11T15:19:29.25Z
48,klook,216059378017777,500.00,CNY,a96a90de8ee9455a7b1dc47c1e2f9f02,2019-07-11T15:19:29.25Z
49,klook,449235266999506,500.00,CNY,cb7cbfe962bd414b7aaff96885ecfc66,2019-07-11T15:19:29.25Z
50,klook,578323789656148,500.00,CNY,31bd016250624aec6dab55b15a9cf383,2019-07-11T15:19:29.25Z
51,klook,530581009814453,500.00,CNY,5d4258eb62054bb576e577e47cef565c,2019-07-11T15:19:29.25Z
52,klook,950614539958123,500.00,CNY,1ceb2004fff54b0d66df87b31eea1ed3,2019-07-11T15:19:29.25Z
53,klook,534126392650833,500.00,CNY,33d9450ec5554cf86ee46caacdf62b66,2019-07-11T15:19:29.25Z
54,klook,313430962878727,500.00,CNY,41dd08e44ed4425f45a070a94f66e1de,2019-07-11T15:19:29.25Z
55,klook,860026549511245,500.00,CNY,c7d8a1e1eec44db878c84f3c0d77e440,2019-07-11T15:19:29.25Z
56,klook,560315457928801,500.00,CNY,f939a28c2587479b6453360323270061,2019-07-11T15:19:29.25Z
57,klook,411439673591441,500.00,CNY,f02668ecc02d473d5e0825c82af4fe7b,2019-07-11T15:19:29.25Z
58,klook,345976228906076,500.00,CNY,866250454e7f46dd61134d4929c77af0,2019-07-11T15:19:29.25Z
59,klook,556052681954804,500.00,CNY,13f4a27e775e44904528b494c1db0e5f,2019-07-11T15:19:29.25Z
60,klook,987848901202232,500.00,CNY,9bb9e25768de41a7693d0bcfd29824c8,2019-07-11T15:19:29.25Z
61,klook,990374069252886,500.00,CNY,a69d91b4810e4043770f85950d51ce31,2019-07-11T15:19:29.25Z
62,klook,192366928748956,500.00,CNY,25cb9b0e5aa647234ed2002a31fd9e3c,2019-07-11T15:19:29.25Z
63,klook,304128505932167,500.00,CNY,fd4d468e63e144b24cead48fb16f1cd8,2019-07-11T15:19:29.25Z
64,klook,635748467091645,500.00,CNY,ac08bcd670a042535907edf8b9819731,2019-07-11T15:19:29.25Z
65,klook,242132305710899,500.00,CNY,d28c2a8539d844467be373b013724b6d,2019-07-11T15:19:29.25Z
66,klook,685398105287718,500.00,CNY,5dce75f34638484065a544dd5e9c9a3a,2019-07-11T15:19:29.25Z
67,klook,441441258546318,500.00,CNY,5ffddbd78ca346227ce6d6ede7bff298,2019-07-11T15:19:29.25Z
68,klook,866874065405818,500.00,CNY,e4774a80369149c65b3907613022292a,2019-07-11T15:19:29.25Z
69,klook,349980261460264,500.00,CNY,d1fbb4189525458f572f2ee7a1176cde,2019-07-11T15:19:29.25Z
70,klook,561484022300414,500.00,CNY,89a9d4d7774e45917dd2f872aff322f6,2019-07-11T15:19:29.25Z
71,klook,964263369032132,500.00,CNY,31eaf5e1351943164266368687e8110d,2019-07-11T15:19:29.25Z
72,klook,994526857340220,500.00,CNY,7eebd80755c94d77514659a90aebf9d4,2019-07-11T15:19:29.25Z
73,klook,263507982049561,500.00,CNY,640df26f360046c5777ba8e63e5277c2,2019-07-11T15:19:29.25Z
74,klook,427021341018112,500.00,CNY,3e1a6d3d45094bd95b01071c08e4e20b,2019-07-11T15:19:29.25Z
75,klook,887509874325000,500.00,CNY,3f5bd49b1262404f724631562dcc95ba,2019-07-11T15:19:29.25Z
76,klook,703366376272667,500.00,CNY,f8c98b12a7d5403a6aa92be71befb28d,2019-07-11T15:19:29.25Z
77,klook,751540385372671,500.00,CNY,41941c81ee5f474f5d8f42527c6b1ae5,2019-07-11T15:19:29.25Z
78,klook,285485453449258,500.00,CNY,0199cec2f0f943616befe16ef20701dc,2019-07-11T15:19:29.25Z
79,klook,180387392175154,500.00,CNY,174651e1d43447b6626d9dfd9c5fa391,2019-07-11T15:19:29.25Z
80,klook,584086768255279,500.00,CNY,ed54202404cb4ecd745d954e62b7c3ca,2019-07-11T15:19:29.25Z
81,klook,666730606071365,500.00,CNY,f9076a273ca34f535cc18bf8cae43176,2019-07-11T15:19:29.25Z
82,klook,190713174215945,500.00,CNY,432c6cc026db4b456e341b055219dc79,2019-07-11T15:19:29.25Z
83,klook,853489087941280,500.00,CNY,ac2454170b8349074a1bef8a7154ad79,2019-07-11T15:19:29.25Z
84,klook,199019659008639,500.00,CNY,7765c2b8bba646fa515b547ca36a8fac,2019-07-11T15:19:29.25Z
85,klook,988617354175598,500.00,CNY,e4f88d39f6674b537f04839b251e1f44,2019-07-11T15:19:29.25Z
86,klook,405614288502731,500.00,CNY,7243def12e1542dc558240db03663766,2019-07-11T15:19:29.25Z
87,klook,744315577332953,500.00,CNY,b3e8798c63b94e05575b11c36e3973b4,2019-07-11T15:19:29.25Z
88,klook,123213607342055,500.00,CNY,fb09a05c344642225400b37151fc87c1,2019-07-11T15:19:29.25Z
89,klook,220545116434262,500.00,CNY,ec7ee3d0ba5446bc5af5f2c5839a8d0d,2019-07-11T15:19:29.25Z
90,klook,681618829961350,500.00,CNY,c2838587c2594a986a5e8f9459a25c85,2019-07-11T15:19:29.25Z
91,klook,413999451408429,500.00,CNY,3793d76d4a75458d7bf2ecb622c67ef0,2019-07-11T15:19:29.25Z
92,klook,188962067412829,500.00,CNY,382763ae1a0644334ae3744a3bc179c4,2019-07-11T15:19:29.25Z
93,klook,250923300302133,500.00,CNY,45c60dbdb8c44a7d6f0d4f75ec339083,2019-07-11T15:19:29.25Z
94,klook,480963122781429,500.00,CNY,ff601aec861e43e762e0a37c3b0cf872,2019-07-11T15:19:29.25Z
95,klook,886853716425481,500.00,CNY,6171aadbf026497856b1331ac9168799,2019-07-11T15:19:29.25Z
96,klook,113041265453307,500.00,CNY,7ee93022d27f441d45d0730ad2f1393c,2019-07-11T15:19:29.25Z
97,klook,547072028888978,500.00,CNY,867b44820469415b48d11740dfad97ec,2019-07-11T15:19:29.25Z
98,klook,486982240079844,500.00,CNY,5a9967fd34434532660baf38ec8bfe64,2019-07-11T15:19:29.25Z
99,klook,585558319795498,500.00,CNY,51fba519a3974b3a546136c6bbbc06d2,2019-07-11T15:19:29.25Z
100,klook,124809089135864,500.00,CNY,6af18e09bcb840b47a2a1f43de63ddcc,2019-07-11T15:19:29.25Z
101,klook,111365141064600,500.00,CNY,53c8c028938e4e3b7a7c42d843b41aa8,2019-07-11T15:19:29.25Z
102,klook,972615109770767,500.00,CNY,fee3978f6e644fce51121f40136e4c06,2019-07-11T15:19:29.25Z
103,klook,197926097067929,500.00,CNY,b736a904aa294b914746cb353eb7463a,2019-07-11T15:19:29.25Z
104,klook,945337355856038,500.00,CNY,05a362e21bcb458542a230c81cf52c9e,2019-07-11T15:19:29.25Z
105,klook,572186908492823,500.00,CNY,7402413449e7433f4b01aa3d0ae161c6,2019-07-11T15:19:29.25Z
106,klook,945282721311645,500.00,CNY,122a86d674ff47b07d8c9225b2790504,2019-07-11T15:19:29.25Z
107,klook,433010243647174,500.00,CNY,5af9e8b269a2431942305e3657bc8dce,2019-07-11T15:19:29.25Z
108,klook,643280848551521,500.00,CNY,88d591da1f2943ad71ac786afd6ef854,2019-07-11T15:19:29.25Z
109,klook,628870208346852,500.00,CNY,89da60d3fe804a3151d22033aeb7228c,2019-07-11T15:19:29.25Z
110,klook,970976938518689,500.00,CNY,5dc11045a1094972510c9c87a781754a,2019-07-11T15:19:29.25Z
111,klook,152968073320175,500.00,CNY,6cbf9f49018c4b535c1d272889b79c1d,2019-07-11T15:19:29.25Z
112,klook,285781056503064,500.00,CNY,61b724d11b8a4a9c683df46cf7f90878,2019-07-11T15:19:29.25Z
113,klook,123082389182502,500.00,CNY,b9b8665918e34b8a4f01fd7f6d979857,2019-07-11T15:19:29.25Z
114,klook,510192183133827,500.00,CNY,d84b35ac7c44409a6d8b6c2d881e68f0,2019-07-11T15:19:29.25Z
115,klook,178200577884014,500.00,CNY,cfde5e5ac8bc480c5dafd015456ceb58,2019-07-11T15:19:29.25Z
116,klook,718039814609334,500.00,CNY,e7b65de4128944e44de64c019ac62dd0,2019-07-11T15:19:29.25Z
117,klook,883594618969074,500.00,CNY,b63ea55652ec4cd44d84b22f726cd7df,2019-07-11T15:19:29.25Z
118,klook,366163668051590,500.00,CNY,9a6b2ceb401441af6135b793609c35f2,2019-07-11T15:19:29.25Z
119,klook,854987128500517,500.00,CNY,02d9ebfd41a8488e451071b936f7c71d,2019-07-11T15:19:29.25Z
120,klook,647215087859517,500.00,CNY,6db725e4f7f047c35d723c94fdc1fb7d,2019-07-11T15:19:29.25Z
121,klook,199790592910148,500.00,CNY,2152244233a64a844c633eab6e8fe236,2019-07-11T15:19:29.25Z
122,klook,908986267816207,500.00,CNY,d33caeb0a05e42584c8346bba5804d42,2019-07-11T15:19:29.25Z
123,klook,453644190634701,500.00,CNY,2fa18846fad045995c811321395d4e65,2019-07-11T15:19:29.25Z
124,klook,481452656897128,500.00,CNY,0fa06758f56f4fb3522f94ef2a15f75e,2019-07-11T15:19:29.25Z
125,klook,809652206678365,500.00,CNY,6fc3a24eeca549067d60fc0d2b6da396,2019-07-11T15:19:29.25Z
126,klook,757864012875957,500.00,CNY,060be58300db4c536a3ea9c8a26fb458,2019-07-11T15:19:29.25Z
127,klook,930674388786423,500.00,CNY,f6db3e8a464d4c4544d03355c315f276,2019-07-11T15:19:29.25Z
128,klook,989818723119654,500.00,CNY,f6030f59283143fe7ee579a500498754,2019-07-11T15:19:29.25Z
129,klook,303165119372718,500.00,CNY,43e5c8c9dd374b84410fe919be051baf,2019-07-11T15:19:29.25Z
130,klook,643387744269059,500.00,CNY,34d77396e4eb4fc766dde8623ff08f31,2019-07-11T15:19:29.25Z
131,klook,114266610945824,500.00,CNY,856279108d694ea44761333ee90ed8a3,2019-07-11T15:19:29.25Z
132,klook,704034994038078,500.00,CNY,b7b3dc54d520441e660a64a58e7f28d9,2019-07-11T15:19:29.25Z
133,klook,766824458012859,500.00,CNY,941ce57cd47b442d7d84de9ffe805061,2019-07-11T15:19:29.25Z
134,klook,208097271109859,500.00,CNY,4852c105131842167b1c0f5f0a61af5b,2019-07-11T15:19:29.25Z
135,klook,437917096320777,500.00,CNY,ebf1aa54bbb3404c5fb4e55de0dac865,2019-07-11T15:19:29.25Z
136,klook,960643595695145,500.00,CNY,9ad75d203a564fc35208e3e998827c52,2019-07-11T15:19:29.25Z
137,klook,400504530481203,500.00,CNY,a55b6a8d4915499e4097be56054da464,2019-07-11T15:19:29.25Z
138,klook,838825552550825,500.00,CNY,fb19ce0e7b2045975c86adb5c5afd365,2019-07-11T15:19:29.25Z
139,klook,642419106386834,500.00,CNY,35f99a4a971f461e49b25c2e49e6676b,2019-07-11T15:19:29.25Z
140,klook,894915375922108,500.00,CNY,69e15b19840641c14c6ff22f7cafe96c,2019-07-11T15:19:29.25Z
141,klook,106961770948257,500.00,CNY,ee2487e30c8a44917ab6acd91c936fb8,2019-07-11T15:19:29.25Z
142,klook,399624987367096,500.00,CNY,e649e305b6444949745931e418a6fca0,2019-07-11T15:19:29.25Z
143,klook,561003396002807,500.00,CNY,7333024031874987509679e504df4308,2019-07-11T15:19:29.25Z
144,klook,250271499119131,500.00,CNY,52d25de9bde44dab588649415dca8b3d,2019-07-11T15:19:29.25Z
145,klook,341867954027153,500.00,CNY,59020531600c4a456c5ad6e135c15990,2019-07-11T15:19:29.25Z
146,klook,782743848498332,500.00,CNY,535591254b9c4e105c6528da6e0e60d4,2019-07-11T15:19:29.25Z
147,klook,776569560162419,500.00,CNY,a7177bba16bb489653e30447e2576f8b,2019-07-11T15:19:29.25Z
148,klook,872847468916200,500.00,CNY,109d2ae9232c4c0167c246de5b8d4cf4,2019-07-11T15:19:29.25Z
149,klook,473488421944308,500.00,CNY,8467a85ddbff437f79409eeebb400870,2019-07-11T15:19:29.25Z
150,klook,448161272667232,500.00,CNY,c3743a6355d844455b22ada680c5ac61,2019-07-11T15:19:29.25Z
151,klook,182618384124733,500.00,CNY,955ad1ea5dd34a5f5539601f4b061cd5,2019-07-11T15:19:29.25Z
152,klook,554493110291091,500.00,CNY,17b2164d4c7a4a307e43374a00a4ad81,2019-07-11T15:19:29.25Z
153,klook,847140863220438,500.00,CNY,e1487ea104d6498143aa761073cf76f6,2019-07-11T15:19:29.25Z
154,klook,517708020187011,500.00,CNY,3e4ca9ab7d9d4dd35209ae8d05da077c,2019-07-11T15:19:29.25Z
155,klook,910656552103372,500.00,CNY,6622dfeb95a44e035c51fb52859e9554,2019-07-11T15:19:29.25Z
156,klook,751267751796646,500.00,CNY,ea3ec94b2057401678268e471f0ba7f1,2019-07-11T15:19:29.25Z
157,klook,769237151943814,500.00,CNY,dfaae9cd1c9341b86f56d55f9e908345,2019-07-11T15:19:29.25Z
158,klook,512594582961201,500.00,CNY,f534649f49664c1740bd1a7c22c6c8eb,2019-07-11T15:19:29.25Z
159,klook,549796953382775,500.00,CNY,1db5aa1fd69c4cd65b09f7ada30ce5cf,2019-07-11T15:19:29.25Z
160,klook,611554438438190,500.00,CNY,bdb751842a1a44f5681e141c178f5843,2019-07-11T15:19:29.25Z
161,klook,864140107472506,500.00,CNY,27db42823e9044134c8f519d1e3f9774,2019-07-11T15:19:29.25Z
162,klook,809374856870696,500.00,CNY,4e5990baafbe45c05eafb8a09e06c6f9,2019-07-11T15:19:29.25Z
163,klook,392609611595703,500.00,CNY,e3f8a7cec551426f5cb5564745d772b5,2019-07-11T15:19:29.25Z
164,klook,535777178573572,500.00,CNY,2b5b7287f2764a276a18ac233e82f0d0,2019-07-11T15:19:29.25Z
165,klook,399244230589121,500.00,CNY,45825e622b444fed6e4144e8984e016f,2019-07-11T15:19:29.25Z
166,klook,802446353989321,500.00,CNY,a0e572eb462247c276ab94667c7c2fb8,2019-07-11T15:19:29.25Z
167,klook,840512465492121,500.00,CNY,601be3603d8648a055d8f41e8f5dd2e2,2019-07-11T15:19:29.25Z
168,klook,767380240818459,500.00,CNY,d2f3eda34e9548555f2fbe68a2d668b6,2019-07-11T15:19:29.25Z
169,klook,736913550521186,500.00,CNY,bac17f9ec7c5497b54a4b90a906143b6,2019-07-11T15:19:29.25Z
170,klook,471152245277345,500.00,CNY,0ee4b5de7f874b6072bbd45a10d665bf,2019-07-11T15:19:29.25Z
171,klook,234374571414321,500.00,CNY,759f1f278f0b46dd58f716a7be39e206,2019-07-11T15:19:29.25Z
172,klook,672474784168262,500.00,CNY,e821ffccccb0479151d086fd2b826d00,2019-07-11T15:19:29.25Z
173,klook,842962104817654,500.00,CNY,51dafeb0b2b948e574e29a175a1b3034,2019-07-11T15:19:29.25Z
174,klook,172929746919565,500.00,CNY,8a1753786ec54c7661dc6e5a139e83c6,2019-07-11T15:19:29.25Z
175,klook,488383690116948,500.00,CNY,f66c788afc7242ef42be3f16325ab057,2019-07-11T15:19:29.26Z
176,klook,708612369990597,500.00,CNY,a2f103d66d7242af704e83f4c7639d43,2019-07-11T15:19:29.26Z
177,klook,376792486728493,500.00,CNY,acb2dd1992f7410e5fce20e3bb12c451,2019-07-11T15:19:29.26Z
178,klook,594279429686832,500.00,CNY,2cd7cdab8c7a49937fc8585152f30076,2019-07-11T15:19:29.26Z
179,klook,722284887874616,500.00,CNY,7694644b422d465b781293fd18544b34,2019-07-11T15:19:29.26Z
180,klook,945778537178603,500.00,CNY,53888430303d47d9630f001b4983b45c,2019-07-11T15:19:29.26Z
181,klook,235141725372988,500.00,CNY,060acc2aa67e4f5975f92c41d7ad3990,2019-07-11T15:19:29.26Z
182,klook,924783693382889,500.00,CNY,8906f059a5b6417c60cad53a394e54c3,2019-07-11T15:19:29.26Z
183,klook,134874317763927,500.00,CNY,f5171be1035548a7671ba3f2461d3292,2019-07-11T15:19:29.26Z
184,klook,211649411088154,500.00,CNY,293496e34835408a717e8218a5b82d77,2019-07-11T15:19:29.26Z
185,klook,282078443542344,500.00,CNY,22955b4fdc024ae950bea60c8d4cc740,2019-07-11T15:19:29.26Z
186,klook,216235978666220,500.00,CNY,e7c33aa6e853457f4514ca0774cb924f,2019-07-11T15:19:29.26Z
187,klook,941875123591473,500.00,CNY,61929bedb5e94b317f41804b4df1309a,2019-07-11T15:19:29.26Z
188,klook,915027592782790,500.00,CNY,034b0a9826de4a4841689ec298dfb42b,2019-07-11T15:19:29.26Z
189,klook,312913247162713,500.00,CNY,d8b0e9eb55a44783747f8cd8d956e551,2019-07-11T15:19:29.26Z
190,klook,458631283034264,500.00,CNY,29ed00b67d864d9d5859f7c0d4d84442,2019-07-11T15:19:29.26Z
191,klook,133969070981557,500.00,CNY,5ed5be4aec28425b5ab09006f1258144,2019-07-11T15:19:29.26Z
192,klook,964521749143697,500.00,CNY,be81274e8c7e4d02592378b1c58be604,2019-07-11T15:19:29.26Z
193,klook,401294147366865,500.00,CNY,ccf3c688834c4c3a66c102529d521e65,2019-07-11T15:19:29.26Z
194,klook,872665668460720,500.00,CNY,fd9bf18e256e4f6d70825f9a285b734f,2019-07-11T15:19:29.26Z
195,klook,763942187287066,500.00,CNY,b27311b3cee2455554546864499837f0,2019-07-11T15:19:29.26Z
196,klook,630922016118539,500.00,CNY,631e7d55d258448b4476cff2927e0042,2019-07-11T15:19:29.26Z
197,klook,208638838552647,500.00,CNY,a67ff2a6ba2d46845f4e6823d58a6cae,2019-07-11T15:19:29.26Z
198,klook,438194118289849,500.00,CNY,a7bed8151fd148195d6d593b95b974dc,2019-07-11T15:19:29.26Z
199,klook,917298344530213,500.00,CNY,1a3dc8ef232a49576dc0a3a7852437ec,2019-07-11T15:19:29.26Z
200,klook,871599351182108,500.00,CNY,fd98c8a9d44a4f1e7408b144a432cfa8,2019-07-11T15:19:29.26Z
201,klook,243607155845138,500.00,CNY,17acbd76a9d048af52b7398bbf7f0f15,2019-07-11T15:19:29.26Z
202,klook,266353813908496,500.00,CNY,41c093e10cf34d8e6d914434ad9a308e,2019-07-11T15:19:29.26Z
203,klook,406172327632980,500.00,CNY,540c08e556c84bcf5ae3204fffd84371,2019-07-11T15:19:29.26Z
204,klook,571968892751418,500.00,CNY,e66fbd27967c4f2172eff69d7536c454,2019-07-11T15:19:29.26Z
205,klook,646765149448989,500.00,CNY,aea027148d0f4f1178c88d5265b13870,2019-07-11T15:19:29.26Z
206,klook,213676870505763,500.00,CNY,1ec55faf72924eae536ed441470f7f2c,2019-07-11T15:19:29.26Z
207,klook,484059542676509,500.00,CNY,0fac68be494a409864bef108582296d2,2019-07-11T15:19:29.26Z
208,klook,550757835345762,500.00,CNY,ff1efc4af6004e555af0fdf470ec5ef1,2019-07-11T15:19:29.26Z
209,klook,768201971384311,500.00,CNY,fd9254326dae423350281374a737b781,2019-07-11T15:19:29.26Z
210,klook,839077979938694,500.00,CNY,098025bca36245437f0d081212fb80c9,2019-07-11T15:19:29.26Z
211,klook,523936004986605,500.00,CNY,6667129dcc444d807907f0567877f774,2019-07-11T15:19:29.26Z
212,klook,926046828059972,500.00,CNY,f6140e21135e4c1375733182419a1769,2019-07-11T15:19:29.26Z
213,klook,762049310282338,500.00,CNY,0ebcd87a43264f305ce5c5bd34e6eb5f,2019-07-11T15:19:29.26Z
214,klook,868552150542465,500.00,CNY,ceb6a5f82e40493269b0319e0e282c67,2019-07-11T15:19:29.26Z
215,klook,284052274246149,500.00,CNY,36a21e733e5348ce4b122cb3cff652ec,2019-07-11T15:19:29.26Z
216,klook,736452074696326,500.00,CNY,378238c01ab54c31627930ad304a938c,2019-07-11T15:19:29.26Z
217,klook,217270589675434,500.00,CNY,8a466810fd6545f37a5bb44ef9a0768e,2019-07-11T15:19:29.26Z
218,klook,965234410744674,500.00,CNY,f6a489f3ad8c44de7dab4c62e3fe8276,2019-07-11T15:19:29.26Z
219,klook,127971741018015,500.00,CNY,19db95b9cf044ff15a5df877ecf7f764,2019-07-11T15:19:29.26Z
220,klook,707545975310614,500.00,CNY,5eb6a0a44705438a71b7478fc73650a9,2019-07-11T15:19:29.26Z
221,klook,752655435765512,500.00,CNY,86315322fd234a0c6f5619b1eb9d6794,2019-07-11T15:19:29.26Z
222,klook,912943944754427,500.00,CNY,c61d19df769848a34250106bbcf27f5d,2019-07-11T15:19:29.26Z
223,klook,859898411116531,500.00,CNY,43b8d9a89fd74f4d5cf24deced284ea9,2019-07-11T15:19:29.26Z
224,klook,821523305965973,500.00,CNY,0f40b68f71974474700fe0b1f45d8a25,2019-07-11T15:19:29.26Z
225,klook,785914683343989,500.00,CNY,3c00a3077a3a47fb5d3136f54706faa2,2019-07-11T15:19:29.26Z
226,klook,797257206403302,500.00,CNY,3e98a2cdfe664c25750bd1c15274dcb2,2019-07-11T15:19:29.26Z
227,klook,161656988965745,500.00,CNY,3e38d9a08d02454f546466df875535f4,2019-07-11T15:19:29.26Z
228,klook,317574920816318,500.00,CNY,6035eff49b9440447fff42bca778623e,2019-07-11T15:19:29.26Z
229,klook,317819897553722,500.00,CNY,41471bdfd17c4ad64ab9c77f25b1eaaa,2019-07-11T15:19:29.26Z
230,klook,268996160146800,500.00,CNY,1b1199ebeaaf41b758bcfe7b5751cda2,2019-07-11T15:19:29.26Z
231,klook,227361936572652,500.00,CNY,16da6049aaa54f524f46417256f83164,2019-07-11T15:19:29.26Z
232,klook,293572025174220,500.00,CNY,776f73511e5144935a550812cb936275,2019-07-11T15:19:29.26Z
233,klook,486904148249342,500.00,CNY,aa1475ba8cc4451156d14aefb0cb21e2,2019-07-11T15:19:29.26Z
234,klook,920257258610439,500.00,CNY,9c67e7a7d160484c68d1c9ab318d1b7e,2019-07-11T15:19:29.26Z
235,klook,443887407321065,500.00,CNY,6b9a16a5b939472171aeb1c3923b17b3,2019-07-11T15:19:29.26Z
236,klook,209014894728613,500.00,CNY,5970416620134b897c06beea1a7d6324,2019-07-11T15:19:29.26Z
237,klook,398016257422264,500.00,CNY,678655c3e07b45ff49e82dd8c2415118,2019-07-11T15:19:29.26Z
238,klook,964089459109972,500.00,CNY,2c798e6e19c54586619124b858615e7c,2019-07-11T15:19:29.26Z
239,klook,123514109530146,500.00,CNY,73d5deb817214df878d27197582cb545,2019-07-11T15:19:29.26Z
240,klook,809572926103053,500.00,CNY,2a29dbf9e59d4150726a98848757b787,2019-07-11T15:19:29.26Z
241,klook,807721685186296,500.00,CNY,563aef61dc84434d7ec95b61eed8b268,2019-07-11T15:19:29.26Z
242,klook,826517550087291,500.00,CNY,2baadefc4e47493d61fc3e2184831584,2019-07-11T15:19:29.26Z
243,klook,583783313907272,500.00,CNY,e8584faef14a401454847b7e54b074ff,2019-07-11T15:19:29.26Z
244,klook,639173876057639,500.00,CNY,52e7682818ef47e06eea0a6ef29d691f,2019-07-11T15:19:29.26Z
245,klook,442190592254048,500.00,CNY,69b5192dab5d4f594b4390cab6e2202c,2019-07-11T15:19:29.26Z
246,klook,335118903367928,500.00,CNY,524e0f30f309400058b6ff00c48f1c6d,2019-07-11T15:19:29.26Z
247,klook,698803543865851,500.00,CNY,c332c7b92e884e7564e268c472ef66ad,2019-07-11T15:19:29.26Z
248,klook,814418238433197,500.00,CNY,7f9af3450de742c845059a353d3254a9,2019-07-11T15:19:29.26Z
249,klook,277947459028549,500.00,CNY,34507e55e88544d17cc1ce39afa36c4e,2019-07-11T15:19:29.26Z
250,klook,513427384073945,500.00,CNY,2e9e2ab1c949416577bf1955a176d043,2019-07-11T15:19:29.26Z
251,klook,465513987794025,500.00,CNY,0beee31726b7482052d28bfcc1bf93ad,2019-07-11T15:19:29.26Z
252,klook,261749437657583,500.00,CNY,3b8f2b11d17846874db827919d0348e3,2019-07-11T15:19:29.26Z
253,klook,377015666484480,500.00,CNY,c2ffb3e51b854c7541581bc47fd2cab4,2019-07-11T15:19:29.26Z
254,klook,936787771485391,500.00,CNY,22a18043c0234051504fe56b25374d44,2019-07-11T15:19:29.26Z
255,klook,738392987509902,500.00,CNY,c9633e6c4e5047da432cd45238845e56,2019-07-11T15:19:29.26Z
256,klook,785245913988404,500.00,CNY,8c29bdcd6820419641a32a1beae1f042,2019-07-11T15:19:29.26Z
257,klook,523617519034166,500.00,CNY,0e304d8d440a49835ee502a264d39039,2019-07-11T15:19:29.26Z
258,klook,835634406660439,500.00,CNY,bb7b267c580e4d4f4d8ba5c4f6212394,2019-07-11T15:19:29.26Z
259,klook,126426862162327,500.00,CNY,8b31c333d7e24fe546501b0c2a757484,2019-07-11T15:19:29.26Z
260,klook,681956803288486,500.00,CNY,56aa66a26b9c43f76619e23d35e42382,2019-07-11T15:19:29.26Z
261,klook,119218914425089,500.00,CNY,92008c27076d477f48401d7712d3d756,2019-07-11T15:19:29.26Z
262,klook,712344952291047,500.00,CNY,b336cc9fe5dd429b768b4805ed09d4b1,2019-07-11T15:19:29.26Z
263,klook,327041515979728,500.00,CNY,232db0d3abd04e38681d30d89b4ae5ed,2019-07-11T15:19:29.26Z
264,klook,345025396191104,500.00,CNY,59eea57984544b43490abbfcf2deb6ef,2019-07-11T15:19:29.26Z
265,klook,287833706129050,500.00,CNY,95d5d114512740b36ba684bfd6aace79,2019-07-11T15:19:29.26Z
266,klook,523126294111039,500.00,CNY,bd0471fe6c13404e7e401836f834148b,2019-07-11T15:19:29.26Z
267,klook,599566334176443,500.00,CNY,58444ece5aa348925525fda3063ee850,2019-07-11T15:19:29.26Z
268,klook,330275163180694,500.00,CNY,2aecc6822e6247b665ca9c1801219289,2019-07-11T15:19:29.26Z
269,klook,715408303562151,500.00,CNY,de728b1f05254c0b5dd161bc76830ab9,2019-07-11T15:19:29.26Z
270,klook,248337339238903,500.00,CNY,785ba137c97b43984327f5c4715bb0c4,2019-07-11T15:19:29.26Z
271,klook,125749954882601,500.00,CNY,b062f8abadd745a56175508839b81940,2019-07-11T15:19:29.26Z
272,klook,365966162970266,500.00,CNY,f74ee8e70f7542ba5e3547fd5c40e1cf,2019-07-11T15:19:29.26Z
273,klook,990495919579233,500.00,CNY,1d0c927c0f0641a65fcb5aa8ab7fda98,2019-07-11T15:19:29.26Z
274,klook,225671410746079,500.00,CNY,cbfee18c8f1247e454ae8fd167d224e2,2019-07-11T15:19:29.26Z
275,klook,847991538881784,500.00,CNY,6db8a5a1390c43e344e1d4b18baf1949,2019-07-11T15:19:29.26Z
276,klook,598047066510913,500.00,CNY,37759181ee564eac50a21229ccebf724,2019-07-11T15:19:29.26Z
277,klook,909337662767029,500.00,CNY,ad47b4932e2a4fe34250e1aa7ed294c3,2019-07-11T15:19:29.26Z
278,klook,472962485794510,500.00,CNY,0fbab20f08bd444053cd94c675a891db,2019-07-11T15:19:29.26Z
279,klook,908577497558436,500.00,CNY,b7942a8dd2944f96743d22d3826bcd67,2019-07-11T15:19:29.26Z
280,klook,919307630398453,500.00,CNY,c6f2645205e9410d6f311e2206cf52f2,2019-07-11T15:19:29.26Z
281,klook,609949397437135,500.00,CNY,7bfb896eb14c463b403f55b8aafa39d8,2019-07-11T15:19:29.26Z
282,klook,751648641087243,500.00,CNY,636c7e9126ec4c9c7006d95757a8a6ca,2019-07-11T15:19:29.26Z
283,klook,218743305725002,500.00,CNY,2a8b356337db42bb470968146e7b1cfb,2019-07-11T15:19:29.26Z
284,klook,623042078506577,500.00,CNY,ee8d1b5212274996492c4ea004e14ba7,2019-07-11T15:19:29.26Z
285,klook,955330855847862,500.00,CNY,a806004b7abc4f2f4ecdf540b223a80a,2019-07-11T15:19:29.26Z
286,klook,606886975126598,500.00,CNY,249467f06d8d4df67670975dd6160577,2019-07-11T15:19:29.26Z
287,klook,608907474277085,500.00,CNY,39d29c30c9e949b16a5ae73adc355e54,2019-07-11T15:19:29.26Z
288,klook,668915884474397,500.00,CNY,f3c9b870b65943fc4775adfcb73ad9e2,2019-07-11T15:19:29.26Z
289,klook,149058939445713,500.00,CNY,aff7825af7b646c06b1a3e45be598e21,2019-07-11T15:19:29.26Z
290,klook,688941830239056,500.00,CNY,998343a5c47447496e6ab634e4107da4,2019-07-11T15:19:29.26Z
291,klook,248667834438769,500.00,CNY,d396831c9cf347184e6520fad03ef64a,2019-07-11T15:19:29.26Z
292,klook,708386803735998,500.00,CNY,ec23009d317d4ec756485241bc2d502c,2019-07-11T15:19:29.26Z
293,klook,975863630680915,500.00,CNY,d715e891fc9642e744924a52db46c28e,2019-07-11T15:19:29.26Z
294,klook,521358601176834,500.00,CNY,4ce9b045f3b54a627d79aaf01a106061,2019-07-11T15:19:29.26Z
295,klook,169261305659551,500.00,CNY,d4bdff849eee425651c65dcbbc71fb4b,2019-07-11T15:19:29.26Z
296,klook,298058787170635,500.00,CNY,59a2ed506c1546fc63e2d09935c5ccd7,2019-07-11T15:19:29.26Z
297,klook,195057288090050,500.00,CNY,373c5eeb6bb3484b5a2a3780a98a4801,2019-07-11T15:19:29.26Z
298,klook,450234616411757,500.00,CNY,262226f19d194c755adfcb5f3d10fef8,2019-07-11T15:19:29.26Z
299,klook,294707806011847,500.00,CNY,9bbb589790c3422b5c63b72a2869397d,2019-07-11T15:19:29.26Z
300,klook,697215907798161,500.00,CNY,574061dac1184f1c616afa78e84bed89,2019-07-11T15:19:29.26Z
301,klook,424842041247618,500.00,CNY,349efd5652224bbb5729b999cd98d7df,2019-07-11T15:19:29.26Z
302,klook,837106174242244,500.00,CNY,5504e120322343336b37e30bdf17d96f,2019-07-11T15:19:29.26Z
303,klook,669400593774466,500.00,CNY,a1f8bc0234a04ada633d830d1fbd786c,2019-07-11T15:19:29.26Z
304,klook,253285508138942,500.00,CNY,2ed53585a05d477d4e38a74472cb70cc,2019-07-11T15:19:29.26Z
305,klook,478067184306833,500.00,CNY,891024896d9e41596720bd72d25b1421,2019-07-11T15:19:29.26Z
306,klook,745711069924010,500.00,CNY,19a3154f4a044b0f5a6677cd04b92da7,2019-07-11T15:19:29.26Z
307,klook,473825193159492,500.00,CNY,8e5415e0f848480572d70ba4b4d28553,2019-07-11T15:19:29.26Z
308,klook,470034141191513,500.00,CNY,f9676c7928c4480044787fab7e0dcd38,2019-07-11T15:19:29.26Z
309,klook,888413274140350,500.00,CNY,43ef04220f1546ae469e4555173c6b9a,2019-07-11T15:19:29.26Z
310,klook,863824590041852,500.00,CNY,312218371c9e4c7e582211376b82de3b,2019-07-11T15:19:29.26Z
311,klook,154218405124212,500.00,CNY,326e1e0c21fc4dee4c44baabb847ffd3,2019-07-11T15:19:29.26Z
312,klook,594168945534721,500.00,CNY,ef3bbe738ed74df37fb5347fb56d8582,2019-07-11T15:19:29.26Z
313,klook,757398727248670,500.00,CNY,8fcdc05a0a4c4cd64c641749c7170fb6,2019-07-11T15:19:29.26Z
314,klook,435831234388168,500.00,CNY,125d5cac42b843c95816f7b45ee1ab6e,2019-07-11T15:19:29.26Z
315,klook,250714433987677,500.00,CNY,a346e504764247c26a3fe035e51e46b6,2019-07-11T15:19:29.26Z
316,klook,719347515709093,500.00,CNY,3ce0a3be9d3041a06986ad530ce0a1db,2019-07-11T15:19:29.26Z
317,klook,835072915769755,500.00,CNY,cc3118c194a14a935f278ea33b9d95c4,2019-07-11T15:19:29.26Z
318,klook,581347039981537,500.00,CNY,35a0cd70f9bd4d05587a02061a191a67,2019-07-11T15:19:29.26Z
319,klook,735290857539668,500.00,CNY,2407980df54b4746691a00be006bef04,2019-07-11T15:19:29.26Z
320,klook,841459631843262,500.00,CNY,d7d3b2dbf5ab496e62dffd52b3db85cd,2019-07-11T15:19:29.26Z
321,klook,711765928113601,500.00,CNY,45d65c649b874ed957543d32970a8a90,2019-07-11T15:19:29.26Z
322,klook,287553993309410,500.00,CNY,e55c225d8477450b40cfa76045a3e6dc,2019-07-11T15:19:29.26Z
323,klook,843623757728465,500.00,CNY,5d053571cc2346de6fd211db4c7a1911,2019-07-11T15:19:29.26Z
324,klook,278379187525829,500.00,CNY,8eedfbf1ba5141f65ceb76d4b6887d05,2019-07-11T15:19:29.26Z
325,klook,642675657460928,500.00,CNY,51db3302def94e3d4d7fdc7921e10a70,2019-07-11T15:19:29.26Z
326,klook,855206239070717,500.00,CNY,82354a429f4b447a67d46bc5fce8bacf,2019-07-11T15:19:29.26Z
327,klook,126026636062357,500.00,CNY,4c9a5e591095422760755abe3a937f68,2019-07-11T15:19:29.26Z
328,klook,970473722185407,500.00,CNY,6563954466c64e7d5137c4b70f75e82e,2019-07-11T15:19:29.26Z
329,klook,758404932976371,500.00,CNY,31b566089d4d4e50699658661cc41723,2019-07-11T15:19:29.26Z
330,klook,441835483571216,500.00,CNY,8f8d3fdddf734c2f496c86477b92d3cd,2019-07-11T15:19:29.26Z
331,klook,639743970307261,500.00,CNY,faa487a0d89b45af7ce91eb42a174d06,2019-07-11T15:19:29.26Z
332,klook,179351690616963,500.00,CNY,6236571bc6134bf85a31d088338b9668,2019-07-11T15:19:29.26Z
333,klook,604520771324853,500.00,CNY,5d5e1d60ac954a4e5a963b36298bc780,2019-07-11T15:19:29.26Z
334,klook,796148302594931,500.00,CNY,05f77c5dff6046155cf1db8f515602b3,2019-07-11T15:19:29.26Z
335,klook,776888826177514,500.00,CNY,3045460a59454ba75d155be33d636dbe,2019-07-11T15:19:29.26Z
336,klook,681441134551793,500.00,CNY,77f6a2412981402864291cd383cb08bd,2019-07-11T15:19:29.26Z
337,klook,986965532760053,500.00,CNY,3076d4ccfe5b4b5964e6e208ccf2fa75,2019-07-11T15:19:29.26Z
338,klook,400320004382972,500.00,CNY,6c5bb599ae3f401d4c52f5aace3eaf19,2019-07-11T15:19:29.26Z
339,klook,453709158074295,500.00,CNY,a24f431a24f148107b6a2137cb1080ca,2019-07-11T15:19:29.26Z
340,klook,125504551701123,500.00,CNY,f37e066f8fc54cb85eea7a6911419cd5,2019-07-11T15:19:29.26Z
341,klook,291335487433547,500.00,CNY,06b02d12303949c5539e2c55fecb340b,2019-07-11T15:19:29.26Z
342,klook,620673897302563,500.00,CNY,40b8fdc41dbf472b5717edb6b3685556,2019-07-11T15:19:29.26Z
343,klook,666158366316386,500.00,CNY,3d27c9ecf14f40a143356e690e672a56,2019-07-11T15:19:29.26Z
344,klook,949395324512770,500.00,CNY,1707726da0184fcd7a90da796f3456cd,2019-07-11T15:19:29.26Z
345,klook,457723462238552,500.00,CNY,47bbe9bdfa6244e34ae323add633e260,2019-07-11T15:19:29.26Z
346,klook,807250531264218,500.00,CNY,d79d463acc554f8a5791283e29cbd88e,2019-07-11T15:19:29.26Z
347,klook,202208275376654,500.00,CNY,75aeea24529f42ef7507f0a7f367e0e6,2019-07-11T15:19:29.26Z
348,klook,157385065545247,500.00,CNY,4b061f29bc4c403747427a787080d57d,2019-07-11T15:19:29.26Z
349,klook,539737649558133,500.00,CNY,896e3bd332ba4b9e751e1ddf878a46a7,2019-07-11T15:19:29.26Z
350,klook,721429736991042,500.00,CNY,e057344bda074d8c48438bb81f50fbb1,2019-07-11T15:19:29.26Z
351,klook,492502558067833,500.00,CNY,b5bfe479689e4c44554f4a59f5fb6b25,2019-07-11T15:19:29.26Z
352,klook,814445323168301,500.00,CNY,b72f1d5906524fc66acafcd9301913d5,2019-07-11T15:19:29.26Z
353,klook,238545469046295,500.00,CNY,01769c4cf1704ce35984d2095e0193ce,2019-07-11T15:19:29.26Z
354,klook,273004456999598,500.00,CNY,3ec6e21f16344c94442a0085119e71c6,2019-07-11T15:19:29.26Z
355,klook,923834032422149,500.00,CNY,9c28b872a3ed4b64767d78b6a10a5c04,2019-07-11T15:19:29.26Z
356,klook,873680300652434,500.00,CNY,ef1c921fee614b97789673e039c6030a,2019-07-11T15:19:29.26Z
357,klook,730667493871447,500.00,CNY,e0249b73f686452a7e6837306296d37a,2019-07-11T15:19:29.26Z
358,klook,109354976544198,500.00,CNY,da1a5dbaa1124b2f6d3097ecd87b9607,2019-07-11T15:19:29.26Z
359,klook,406846119829136,500.00,CNY,b9c6f5d5e3bc4b857d625b14723ce472,2019-07-11T15:19:29.26Z
360,klook,172027894270373,500.00,CNY,37ebbf26969e44996d888e72115dec09,2019-07-11T15:19:29.26Z
361,klook,208066902932179,500.00,CNY,fb3fb7bd0990489d73cf9df602b5527d,2019-07-11T15:19:29.26Z
362,klook,764833275481857,500.00,CNY,90f3bf13d5d4468e5e12faaad447b7fd,2019-07-11T15:19:29.26Z
363,klook,799972223955223,500.00,CNY,7a22bb71505f4054748c61572aeb7e70,2019-07-11T15:19:29.26Z
364,klook,592474835377702,500.00,CNY,7c53c27c246c4f046bd1c541b380bbfe,2019-07-11T15:19:29.26Z
365,klook,278934301466814,500.00,CNY,1d361f9ae2e64c2162f9c6c135864df6,2019-07-11T15:19:29.26Z
366,klook,923351894378092,500.00,CNY,c48a7c070c5f48e667504d5b5cdb0c79,2019-07-11T15:19:29.26Z
367,klook,854006968114165,500.00,CNY,1129013920b54d92546932df5137b78b,2019-07-11T15:19:29.26Z
368,klook,862193041318375,500.00,CNY,0153f6fe4c8845ca6e727979a39f3a9d,2019-07-11T15:19:29.26Z
369,klook,684170766310861,500.00,CNY,27e7f5b89cfa4e004caf56d3a88ccd21,2019-07-11T15:19:29.26Z
370,klook,771645388613644,500.00,CNY,a0e97704873a4b9167fdba9386882b28,2019-07-11T15:19:29.26Z
371,klook,219432815250902,500.00,CNY,3766d5b3ead1475455eef9b768b3fc1a,2019-07-11T15:19:29.26Z
372,klook,508827897514132,500.00,CNY,ad0969d6a58346ae78a991cdd480826b,2019-07-11T15:19:29.26Z
373,klook,914282101419688,500.00,CNY,72b678f76e4f4883607b94affc30db86,2019-07-11T15:19:29.26Z
374,klook,777688742494364,500.00,CNY,541751369e964c7044d5b84a78261dba,2019-07-11T15:19:29.26Z
375,klook,504215674404929,500.00,CNY,aba638f20de54f7d5f9fbeba0231fb92,2019-07-11T15:19:29.26Z
376,klook,589669851057899,500.00,CNY,2f79bbc891d944186816f6b9b3676948,2019-07-11T15:19:29.26Z
377,klook,264790541058174,500.00,CNY,9ce25d4738ba46ce592d4348df6cb866,2019-07-11T15:19:29.26Z
378,klook,639493642181651,500.00,CNY,18b47896b23f4cfd4ecde5bd9344f272,2019-07-11T15:19:29.26Z
379,klook,477025877235434,500.00,CNY,994537e9cf4a449a4570fda3cc2dbe7f,2019-07-11T15:19:29.26Z
380,klook,321747854063793,500.00,CNY,06befa8f1d3a438459e59f469713b475,2019-07-11T15:19:29.26Z
381,klook,355335545173977,500.00,CNY,d85b4f9c1b5f4a4c6867045d286a4e6a,2019-07-11T15:19:29.26Z
382,klook,895298257554511,500.00,CNY,bb33ad3db26548076336630baa027562,2019-07-11T15:19:29.26Z
383,klook,304730983578881,500.00,CNY,e7d7b07749f74745729591808956981a,2019-07-11T15:19:29.26Z
384,klook,633300964175244,500.00,CNY,8a26ccaa51b44771466752e8b0fef3ab,2019-07-11T15:19:29.26Z
385,klook,212170367734874,500.00,CNY,ec60dcf82acf451e4662d286229b47a4,2019-07-11T15:19:29.26Z
386,klook,186202158063643,500.00,CNY,5f5c6365b71c460e51ad4dbb7c1310d8,2019-07-11T15:19:29.26Z
387,klook,820225448407526,500.00,CNY,866e6201a304429b7a59909d5f5aaf50,2019-07-11T15:19:29.26Z
388,klook,945120285351954,500.00,CNY,996b629f411341fe45ddf72e1c65785e,2019-07-11T15:19:29.26Z
389,klook,242456690418545,500.00,CNY,735a20d7e0174c5c4a76fa88d4ae4682,2019-07-11T15:19:29.26Z
390,klook,253457037927092,500.00,CNY,c039fde103794305715e6d40438df397,2019-07-11T15:19:29.26Z
391,klook,127661419367581,500.00,CNY,2ad013edce6e40ff7b0af7b116e2cd68,2019-07-11T15:19:29.26Z
392,klook,395058321776184,500.00,CNY,fc4e6bf87d244de9695473df8a94c6bc,2019-07-11T15:19:29.26Z
393,klook,659784832080984,500.00,CNY,5bb802426294474142d7473ee5550ef9,2019-07-11T15:19:29.26Z
394,klook,955286129906511,500.00,CNY,1cc3d886b3c246597ef692301b133c93,2019-07-11T15:19:29.26Z
395,klook,750529068811291,500.00,CNY,84faa73eb0ec481275047e0d3611b884,2019-07-11T15:19:29.26Z
396,klook,290103106619203,500.00,CNY,6a3aa384acf541cd7a43fcb5ca5c0f9f,2019-07-11T15:19:29.26Z
397,klook,645810348396734,500.00,CNY,b72fc421511944be448f001e74e3de6d,2019-07-11T15:19:29.26Z
398,klook,704915347916890,500.00,CNY,a088ac9b221a41994b3675b88e406830,2019-07-11T15:19:29.26Z
399,klook,955289618748443,500.00,CNY,d88551822b6d424467cb8280e9ba0b39,2019-07-11T15:19:29.26Z
400,klook,189199155902534,500.00,CNY,ba919e4cc8e745336c4088861c18117c,2019-07-11T15:19:29.26Z
401,klook,114253442551549,500.00,CNY,18d598d3f34f401369e0f2cc0049ba0f,2019-07-11T15:19:29.26Z
402,klook,608982619876380,500.00,CNY,b6a146e115844f606756a1be4af91b9a,2019-07-11T15:19:29.26Z
403,klook,104643628558646,500.00,CNY,b4d06fd6e8524d894867eacb5343868b,2019-07-11T15:19:29.26Z
404,klook,753678034167561,500.00,CNY,b983066f6c914885640061828389fa54,2019-07-11T15:19:29.26Z
405,klook,997506228123011,500.00,CNY,8453c9f7b7f5407f71148a19c980742c,2019-07-11T15:19:29.26Z
406,klook,152134012285423,500.00,CNY,266525169c4f41066c048c99186d5bcb,2019-07-11T15:19:29.26Z
407,klook,899110073532865,500.00,CNY,f1d75d3d8450498759da1c8deafb43a0,2019-07-11T15:19:29.26Z
408,klook,525220848520834,500.00,CNY,78627871c52e4e1441a116f28db2d431,2019-07-11T15:19:29.26Z
409,klook,163602153660374,500.00,CNY,fdf1a78832fd44d25f61e38ae81ab362,2019-07-11T15:19:29.26Z
410,klook,547364020142307,500.00,CNY,317d87c0459743045e0295fe921af802,2019-07-11T15:19:29.26Z
411,klook,802295634193711,500.00,CNY,536e4202e32c47325236cb1e49e6e7ac,2019-07-11T15:19:29.26Z
412,klook,143207417218466,500.00,CNY,91caeed48e064b40728f4d106ad4e607,2019-07-11T15:19:29.26Z
413,klook,709058099348968,500.00,CNY,016803bf5e614bfc72dea56cd6a75031,2019-07-11T15:19:29.26Z
414,klook,743551794299357,500.00,CNY,29e400a2f67e4c6f64c62ca72fd0334a,2019-07-11T15:19:29.26Z
415,klook,574814727566408,500.00,CNY,f751fa7ae04c472f5d862b14380ed54d,2019-07-11T15:19:29.26Z
416,klook,406934344996117,500.00,CNY,6a8e4e293a574ea5560261c3aa52783d,2019-07-11T15:19:29.26Z
417,klook,823754914466337,500.00,CNY,67118da8412f49fc7994f12c2387963a,2019-07-11T15:19:29.26Z
418,klook,289219358011247,500.00,CNY,4e491779a91448ce5ee1f264297dd01c,2019-07-11T15:19:29.26Z
419,klook,707960930902330,500.00,CNY,05ffb6b52ca9405a620665fd098caaa4,2019-07-11T15:19:29.26Z
420,klook,310328893182790,500.00,CNY,87ad6be0671a408b48cc4ebdac5c66db,2019-07-11T15:19:29.26Z
421,klook,219159209392737,500.00,CNY,14f0974b3c9d4d497e0792000a6669da,2019-07-11T15:19:29.26Z
422,klook,194224244119682,500.00,CNY,2c8fb48dd06f472252e0330287b712fe,2019-07-11T15:19:29.26Z
423,klook,241462309993663,500.00,CNY,3c1188d93ab74a144e13055d8f549016,2019-07-11T15:19:29.26Z
424,klook,340523506599224,500.00,CNY,9d1bc4d5134248bc6263ed369f5689ff,2019-07-11T15:19:29.26Z
425,klook,681689332980657,500.00,CNY,d3b17e91123240b86b7bb91a5c6980c2,2019-07-11T15:19:29.26Z
426,klook,902648948851218,500.00,CNY,e95fa91275d64c9253b378ac0d847569,2019-07-11T15:19:29.26Z
427,klook,633943422834901,500.00,CNY,76aec02ee86244f262768afd9d3fc217,2019-07-11T15:19:29.26Z
428,klook,978944774211505,500.00,CNY,e58555add96543fd6e3ce3314d6f9fc0,2019-07-11T15:19:29.26Z
429,klook,556175050086305,500.00,CNY,464ee9d168e944f370bceced0cd7b211,2019-07-11T15:19:29.26Z
430,klook,441968670303579,500.00,CNY,a1fef7fd7f46452664c1c51c0673a36c,2019-07-11T15:19:29.26Z
431,klook,877780540356989,500.00,CNY,31855aaf5a1f4b954c984bb8300148c4,2019-07-11T15:19:29.26Z
432,klook,709320480046629,500.00,CNY,3cd85a719a104ba0531fd92a3e1ec414,2019-07-11T15:19:29.26Z
433,klook,379497365872266,500.00,CNY,ca7d477773d348dd615735aad9011e8a,2019-07-11T15:19:29.26Z
434,klook,682991261577958,500.00,CNY,6f0f916b5c714bd462824a60bd149ede,2019-07-11T15:19:29.26Z
435,klook,975665017925418,500.00,CNY,2573041c38c54d1241c3f5eaa5df2011,2019-07-11T15:19:29.26Z
436,klook,996090160020583,500.00,CNY,13066bb9267a4e36529d4e59bffb2847,2019-07-11T15:19:29.26Z
437,klook,511194870833804,500.00,CNY,cbd6a6f38936416f756d2165a1192274,2019-07-11T15:19:29.26Z
438,klook,786091043728793,500.00,CNY,86d874b7b94947f2584ba1dfbf01df85,2019-07-11T15:19:29.26Z
439,klook,581912465921654,500.00,CNY,0f5a71f8d1d4429b684a2774f1f92905,2019-07-11T15:19:29.26Z
440,klook,101774011497546,500.00,CNY,c69c29a3b4f0431d6a18acef43fa434e,2019-07-11T15:19:29.26Z
441,klook,203953486653058,500.00,CNY,9337b6802c9d41135131464deb055157,2019-07-11T15:19:29.26Z
442,klook,571355160154229,500.00,CNY,b1df8f4542c142ab4b41c7913bb1fdcf,2019-07-11T15:19:29.26Z
443,klook,585318803962122,500.00,CNY,313dcbf79ad94b0347c5da8f2bfba381,2019-07-11T15:19:29.26Z
444,klook,562586315913962,500.00,CNY,b453c86ddfaa4f4f4e7775105f480b81,2019-07-11T15:19:29.26Z
445,klook,383996651343290,500.00,CNY,dfc72bde7b004ad95e3408f91c27728a,2019-07-11T15:19:29.26Z
446,klook,885607893917816,500.00,CNY,de19fd3bbdf64e8268c0c3c0002d1729,2019-07-11T15:19:29.26Z
447,klook,562294013017986,500.00,CNY,05e7274242ec419c76e888cf0cb98c79,2019-07-11T15:19:29.26Z
448,klook,234260251903858,500.00,CNY,49c5412ed52e4e8975903b46f4cdfbd2,2019-07-11T15:19:29.26Z
449,klook,876876572847756,500.00,CNY,6694a9b7f86343955c19b2b67d2d3b95,2019-07-11T15:19:29.26Z
450,klook,519424248746873,500.00,CNY,7bcaa9add48445ad6840bcd39176e46e,2019-07-11T15:19:29.26Z
451,klook,660893362131620,500.00,CNY,3ef8f146c7cd43f74d64ed58866137b6,2019-07-11T15:19:29.26Z
452,klook,286338323726487,500.00,CNY,1963154f1a4e41807b1fb70b9e10b3c6,2019-07-11T15:19:29.26Z
453,klook,113009646137255,500.00,CNY,ac294c6357d549f86d80c2a0c5d39d27,2019-07-11T15:19:29.26Z
454,klook,643806525870069,500.00,CNY,b62d04de45e840f6552edd159b7a11de,2019-07-11T15:19:29.26Z
455,klook,353544392546280,500.00,CNY,011d1a2759654c2773cff7cab62b5aff,2019-07-11T15:19:29.26Z
456,klook,200059125018516,500.00,CNY,7bd7dab57f3649927c67785709e27094,2019-07-11T15:19:29.26Z
457,klook,799204726228104,500.00,CNY,a7ad2a5c354649c755c5916e1307bea9,2019-07-11T15:19:29.26Z
458,klook,188887241845867,500.00,CNY,fcdb636062be40f644527c30708389ba,2019-07-11T15:19:29.26Z
459,klook,909459901242540,500.00,CNY,ee86515f29dd49f47e6944835a4ac14d,2019-07-11T15:19:29.26Z
460,klook,939086659979759,500.00,CNY,c093def49599489a4c0aca674e48fa3b,2019-07-11T15:19:29.26Z
461,klook,640827120623973,500.00,CNY,b0ee2413161a4f2166a080a61a8ff77a,2019-07-11T15:19:29.26Z
462,klook,259466624215633,500.00,CNY,c18044a1312741d74c8446f17d3b8dab,2019-07-11T15:19:29.26Z
463,klook,664274724775611,500.00,CNY,138a506dfe4e4ff264735ac0c13b522b,2019-07-11T15:19:29.26Z
464,klook,370367220981552,500.00,CNY,68f71295d14c46b87c638e0c23185b78,2019-07-11T15:19:29.26Z
465,klook,850732471803846,500.00,CNY,aeb63507ff0d4ced7abdcced33796fbe,2019-07-11T15:19:29.26Z
466,klook,499561287267397,500.00,CNY,e3539c5c4c8046b769a66f807ff5dc6e,2019-07-11T15:19:29.26Z
467,klook,255764182766496,500.00,CNY,ef2226dbc51e4a87550622896a5897e7,2019-07-11T15:19:29.26Z
468,klook,217182362454503,500.00,CNY,885a6e7f55bb4dcd529cd89a75323721,2019-07-11T15:19:29.26Z
469,klook,531422151462486,500.00,CNY,4beb99f5dd9c4ecf5446b845679ea070,2019-07-11T15:19:29.26Z
470,klook,584646340558290,500.00,CNY,33bf578591434a495165a1686defcaae,2019-07-11T15:19:29.26Z
471,klook,499573209467146,500.00,CNY,ddbbf9210dfa478b621987d774a6d127,2019-07-11T15:19:29.26Z
472,klook,149586192391720,500.00,CNY,1a3abe46333249f75ceee140026d7b4f,2019-07-11T15:19:29.26Z
473,klook,446677479609112,500.00,CNY,4d1e708173564c097471e044342c48bf,2019-07-11T15:19:29.26Z
474,klook,435740534689250,500.00,CNY,2f9cf95e56cb46ad546611978d2807a7,2019-07-11T15:19:29.26Z
475,klook,842564136122137,500.00,CNY,7244e211262c48ab4c8a83259ccf418a,2019-07-11T15:19:29.26Z
476,klook,495769882410446,500.00,CNY,9a206260fb2d44fd56daf58474e1ec2b,2019-07-11T15:19:29.26Z
477,klook,870829062148866,500.00,CNY,970778edf75c4ba34055fa5b178d5797,2019-07-11T15:19:29.26Z
478,klook,584128877985304,500.00,CNY,ea613fe28ca14115714e8117919a2895,2019-07-11T15:19:29.26Z
479,klook,129437966985963,500.00,CNY,7fe827e0cd5e4f1a7ee7ad7395dbfd76,2019-07-11T15:19:29.26Z
480,klook,986413681876597,500.00,CNY,e91ec797f6a7420e6801968289d79b15,2019-07-11T15:19:29.26Z
481,klook,460804075505098,500.00,CNY,695652ecaee4447c730aa4e763596e82,2019-07-11T15:19:29.26Z
482,klook,718848195107488,500.00,CNY,ab802128529e48665bf2ce6c306bfc1b,2019-07-11T15:19:29.26Z
483,klook,479172677769894,500.00,CNY,3ef2ea93601d477b55a4f117055ecee2,2019-07-11T15:19:29.26Z
484,klook,948897756021545,500.00,CNY,228764de5e8741dd61a25c29a5f33dcf,2019-07-11T15:19:29.26Z
485,klook,767505814794169,500.00,CNY,39ff3cc2baa84ebe77af3bdb3f264f6f,2019-07-11T15:19:29.26Z
486,klook,399127626007892,500.00,CNY,aeb71d48a4444b206ce9416ba866f5b0,2019-07-11T15:19:29.26Z
487,klook,724733619854354,500.00,CNY,a2b8cc54b505466545ace8ae2c19c258,2019-07-11T15:19:29.26Z
488,klook,568188361222554,500.00,CNY,ea8fdee8e3114f5a4bd1d1ab256a2588,2019-07-11T15:19:29.26Z
489,klook,208053635455827,500.00,CNY,0d7eec82fc70484e785f94a36a008f8d,2019-07-11T15:19:29.26Z
490,klook,104334321725726,500.00,CNY,b9d7a27f89cf410f6f5641ac783d7e7c,2019-07-11T15:19:29.26Z
491,klook,218505131878938,500.00,CNY,c0a9b40655764fae4d5d87bac88a315c,2019-07-11T15:19:29.26Z
492,klook,627878054455824,500.00,CNY,20255dea10704b7646288c4d1303a3ae,2019-07-11T15:19:29.26Z
493,klook,756342771388930,500.00,CNY,1e44fb3423ac46d56766bb6232f06168,2019-07-11T15:19:29.26Z
494,klook,884101458309302,500.00,CNY,a9c86fda04494e3a6f0667a761e8581a,2019-07-11T15:19:29.26Z
495,klook,645983708375516,500.00,CNY,986706f55e564d4b50695078aa790be8,2019-07-11T15:19:29.26Z
496,klook,121106330140904,500.00,CNY,ac5658f02dea4a376c0a6e51597f12dd,2019-07-11T15:19:29.26Z
497,klook,107040149777967,500.00,CNY,2511a653e3f348126e9035ba37afda44,2019-07-11T15:19:29.26Z
498,klook,283529954700408,500.00,CNY,412994cea70a45dd6a975dbcbe73486b,2019-07-11T15:19:29.26Z
499,klook,656094543136032,500.00,CNY,4533ed30f7de4b9b7e5361c07b1a6462,2019-07-11T15:19:29.26Z
500,klook,700799319436371,500.00,CNY,af8b96a6dcaa468076d3eb97b3c84f05,2019-07-11T15:19:29.26Z
501,klook,643987066349672,500.00,CNY,d4b12b76c0f340e95b6f42805710efb2,2019-07-11T15:19:29.26Z
502,klook,560965794012201,500.00,CNY,b1546c94a2c649c044dc45979384f280,2019-07-11T15:19:29.26Z
503,klook,409768555732126,500.00,CNY,1f0dd0a2866b404e688116706cff2360,2019-07-11T15:19:29.26Z
504,klook,478976081099406,500.00,CNY,5ea2d7c32d7c460e44c298e9cd19910a,2019-07-11T15:19:29.26Z
505,klook,437167381390078,500.00,CNY,ef3b72e1473e4914423f15110ad4d531,2019-07-11T15:19:29.26Z
506,klook,785447615114963,500.00,CNY,3374d29fcbf3432a42a7aa6210a8e8d6,2019-07-11T15:19:29.26Z
507,klook,262240783441877,500.00,CNY,e9aa14dad2c24701600f771ff96c0f35,2019-07-11T15:19:29.26Z
508,klook,512011275016979,500.00,CNY,375aeead84a547d64a225c95b2d6b4df,2019-07-11T15:19:29.26Z
509,klook,376763918254424,500.00,CNY,0e8c80814e7e403574884cbf296f4b9e,2019-07-11T15:19:29.26Z
510,klook,310081765635610,500.00,CNY,d27e5a6131ea48165a9ed66824818ed8,2019-07-11T15:19:29.26Z
511,klook,440906293555708,500.00,CNY,ecb3b0ec60764c7748cd6b91678b151b,2019-07-11T15:19:29.26Z
512,klook,765083486541763,500.00,CNY,bd622298f000472272940e6ed86c9072,2019-07-11T15:19:29.26Z
513,klook,337407195529789,500.00,CNY,20c230e1755142885246ec754a8e4175,2019-07-11T15:19:29.26Z
514,klook,827998055980728,500.00,CNY,b6f8736a66ca484f7d5249dfcaadae30,2019-07-11T15:19:29.26Z
515,klook,454743269766560,500.00,CNY,818da772192144db6fa340afa92f83b2,2019-07-11T15:19:29.26Z
516,klook,259687174677901,500.00,CNY,78c99b20500346db70a61a043bf53fbf,2019-07-11T15:19:29.26Z
517,klook,662549455518021,500.00,CNY,3db82f1cd94e4de2687321883fe6712d,2019-07-11T15:19:29.26Z
518,klook,872120370385094,500.00,CNY,e0483296287341b14fd1816424d75f08,2019-07-11T15:19:29.26Z
519,klook,264265225624181,500.00,CNY,aff631b345eb40736fa59e1665444971,2019-07-11T15:19:29.26Z
520,klook,644312266036021,500.00,CNY,afb028ef88fc4cc974a84941498aa066,2019-07-11T15:19:29.26Z
521,klook,625491756049313,500.00,CNY,d71d49622998415975ea9eeecbfcdc06,2019-07-11T15:19:29.26Z
522,klook,664101958856383,500.00,CNY,6c98b7ee310242615f3d4ccf532a2c43,2019-07-11T15:19:29.26Z
523,klook,212197309402282,500.00,CNY,fbb7ab6eb861401855648a6986579997,2019-07-11T15:19:29.26Z
524,klook,567003902181510,500.00,CNY,4da88f6b519e4f967c3525d428f764b3,2019-07-11T15:19:29.26Z
525,klook,344961887818238,500.00,CNY,0f5c761125f548dc6441dd45fdcf8642,2019-07-11T15:19:29.26Z
526,klook,884064597696401,500.00,CNY,be83cabaedf147164550bc5215a9e963,2019-07-11T15:19:29.26Z
527,klook,771405690281317,500.00,CNY,f2d1444492854ab27f519557337e3880,2019-07-11T15:19:29.26Z
528,klook,559804192509837,500.00,CNY,e62455aa5041485858447b285fbd379b,2019-07-11T15:19:29.26Z
529,klook,586426963519822,500.00,CNY,1be2349405af458b5510747340f7e8f2,2019-07-11T15:19:29.26Z
530,klook,792905862095861,500.00,CNY,769036f5ce8c4ae257fd3bb9a81d7a9d,2019-07-11T15:19:29.26Z
531,klook,859634218967845,500.00,CNY,5aebf17e6fcb4e766c12dfa540069876,2019-07-11T15:19:29.26Z
532,klook,521334601741673,500.00,CNY,066672323a0042475e99152dd0bb5b7d,2019-07-11T15:19:29.26Z
533,klook,270360669288454,500.00,CNY,9f17451566764a0771e6f89776f6518e,2019-07-11T15:19:29.26Z
534,klook,655324445122254,500.00,CNY,12943693e76b4b95769415db12287d68,2019-07-11T15:19:29.26Z
535,klook,332814305920731,500.00,CNY,0f49380eb5d6404365bc70951445572e,2019-07-11T15:19:29.26Z
536,klook,716408316488093,500.00,CNY,1d0f296a012e4576686ea69a38d5b8ee,2019-07-11T15:19:29.26Z
537,klook,971308465146457,500.00,CNY,7476b1d5a4d64ff45399a303ee2af11f,2019-07-11T15:19:29.26Z
538,klook,775924609554010,500.00,CNY,00f615e32431478367e3b88ae0596b42,2019-07-11T15:19:29.26Z
539,klook,281475394924714,500.00,CNY,97441f8d8a0d41d05cb3896f192f6a4f,2019-07-11T15:19:29.26Z
540,klook,178367693604441,500.00,CNY,26b49d4047104fd872387bb619ed4784,2019-07-11T15:19:29.26Z
541,klook,775979744556970,500.00,CNY,f84623142d6948ee6ad1096f7c7cc0d4,2019-07-11T15:19:29.26Z
542,klook,699641002412117,500.00,CNY,6f0324844a474cdf6553fb58dccf6cc8,2019-07-11T15:19:29.26Z
543,klook,150807219379709,500.00,CNY,9049f99265b0435142a1ef019d695bb0,2019-07-11T15:19:29.26Z
544,klook,546597058837180,500.00,CNY,96f3b904dbae4a17725cd2fe779534c2,2019-07-11T15:19:29.26Z
545,klook,228790347194826,500.00,CNY,01fe4e7953274bdc5acf5dfb821d8184,2019-07-11T15:19:29.26Z
546,klook,667074426402583,500.00,CNY,9dc3a074bb33445567a352fef350263c,2019-07-11T15:19:29.26Z
547,klook,568739032635426,500.00,CNY,2eb2b6b48f154bfb5f8cc6b505edcec8,2019-07-11T15:19:29.26Z
548,klook,565869460620690,500.00,CNY,eb60937e270c46fd6f4457130b280a47,2019-07-11T15:19:29.26Z
549,klook,167985841458769,500.00,CNY,281b3d71f96f452066dd3d87c489078c,2019-07-11T15:19:29.26Z
550,klook,876173260693674,500.00,CNY,e2ad20173e13466c659bb846145fff66,2019-07-11T15:19:29.26Z
551,klook,190542536480821,500.00,CNY,c72589e456e84beb600b25db4eb21af6,2019-07-11T15:19:29.26Z
552,klook,604521856082373,500.00,CNY,a3e3060828fb41a86c4efcd98a6a5d60,2019-07-11T15:19:29.26Z
553,klook,623959536064605,500.00,CNY,01ef9b9d321c413774d9eb97cf09a8ca,2019-07-11T15:19:29.26Z
554,klook,801561907438795,500.00,CNY,9908164153fd42256e43a6882311f529,2019-07-11T15:19:29.26Z
555,klook,907995886935059,500.00,CNY,d5532f665e9049db552c1baabb803ade,2019-07-11T15:19:29.26Z
556,klook,625028012619159,500.00,CNY,635063a2b4ec49e969b92fbe1a114dc7,2019-07-11T15:19:29.26Z
557,klook,615080788497144,500.00,CNY,3f7d856e0517472c6014610bc22776b3,2019-07-11T15:19:29.26Z
558,klook,183692627287411,500.00,CNY,dcb7328ad16a43de61665f2c2e098d44,2019-07-11T15:19:29.26Z
559,klook,510826936985898,500.00,CNY,3608c63ef7664135745c54797f34a44b,2019-07-11T15:19:29.26Z
560,klook,374472971420210,500.00,CNY,e87d7e78238b45804b3338e04b040ccd,2019-07-11T15:19:29.26Z
561,klook,853956132031361,500.00,CNY,5bb8e5e4a7774a7a540d4310a84fdd80,2019-07-11T15:19:29.26Z
562,klook,361550137034665,500.00,CNY,3fa25ccd10c2411065a9505be496e4c5,2019-07-11T15:19:29.26Z
563,klook,863545694977712,500.00,CNY,42ff605c204e4423519b400738477d99,2019-07-11T15:19:29.26Z
564,klook,245597923104426,500.00,CNY,a4e6d21bf203489442f716d86e2ecc49,2019-07-11T15:19:29.26Z
565,klook,136266327481313,500.00,CNY,73ec4fe4f26d478244ca26afe33010de,2019-07-11T15:19:29.26Z
566,klook,814831981563306,500.00,CNY,9add12c497af4c4f51c7861e8da61991,2019-07-11T15:19:29.26Z
567,klook,595401067210039,500.00,CNY,79aa144335ff4c2a50ae62cac5336389,2019-07-11T15:19:29.26Z
568,klook,564015297418610,500.00,CNY,9212cf4feefe471e66e595770e591302,2019-07-11T15:19:29.26Z
569,klook,642654907065406,500.00,CNY,97d9fe88d55f43f877439c817114b3ca,2019-07-11T15:19:29.26Z
570,klook,131176603437148,500.00,CNY,7eb07148f80a47076c8ee225807cdc56,2019-07-11T15:19:29.26Z
571,klook,767145662402288,500.00,CNY,b3afac521234425f607fc1d297994435,2019-07-11T15:19:29.26Z
572,klook,565625168434863,500.00,CNY,fdefdab0272c4fb2775254a825393e22,2019-07-11T15:19:29.26Z
573,klook,596161520618560,500.00,CNY,7a64426de7ac4fec7cc68c5ad9424465,2019-07-11T15:19:29.26Z
574,klook,889383371796203,500.00,CNY,706d6fd6f87e4ecb594f5dfa3aeafc79,2019-07-11T15:19:29.26Z
575,klook,838264173383310,500.00,CNY,996cb75034644b2a7fa9f107a835cb03,2019-07-11T15:19:29.26Z
576,klook,816163399742943,500.00,CNY,81076a3a21b4436972bd817230ecef65,2019-07-11T15:19:29.26Z
577,klook,389675611776640,500.00,CNY,01070b6c13f74bd463dec11a70821df9,2019-07-11T15:19:29.26Z
578,klook,391992865024525,500.00,CNY,efe5927b99c04fda5458780e7571beb7,2019-07-11T15:19:29.26Z
579,klook,633844970671583,500.00,CNY,78bc6de3bb6149e9556f0c9328609b4e,2019-07-11T15:19:29.26Z
580,klook,881346595427042,500.00,CNY,bb031047a2eb49f25bfc5034d24b13f4,2019-07-11T15:19:29.26Z
581,klook,888710801533731,500.00,CNY,608209dae2de46805117ab5119cd9c61,2019-07-11T15:19:29.26Z
582,klook,754840705176433,500.00,CNY,229876e4136848fc6501d149bf9eb7ee,2019-07-11T15:19:29.26Z
583,klook,854669032858699,500.00,CNY,109cf763006b45475eae18be998525f4,2019-07-11T15:19:29.26Z
584,klook,576132755930384,500.00,CNY,f92f2dea7b9b47935da94b6e2a7ca1ff,2019-07-11T15:19:29.26Z
585,klook,157391400887686,500.00,CNY,2b32669b5af74adc7d75391fbb03ea17,2019-07-11T15:19:29.26Z
586,klook,636889826950722,500.00,CNY,c5492d4587df4c7a458e569f7674aa5c,2019-07-11T15:19:29.26Z
587,klook,148494563898226,500.00,CNY,20acf8d4b84045886669f2ce86aff9b5,2019-07-11T15:19:29.26Z
588,klook,497148820608476,500.00,CNY,224db7b239244c9a73b2aa98ea908138,2019-07-11T15:19:29.26Z
589,klook,733624023666870,500.00,CNY,c63cdc0bcb9141097a6d984257ea325c,2019-07-11T15:19:29.26Z
590,klook,973299891356001,500.00,CNY,d179ec54d2814ea3683f33feac506781,2019-07-11T15:19:29.26Z
591,klook,436283126047472,500.00,CNY,c6005a4b0c2a47096596589325769c49,2019-07-11T15:19:29.26Z
592,klook,514747237215297,500.00,CNY,9a24f2e1193f417a759b99f75aedf5b6,2019-07-11T15:19:29.26Z
593,klook,698897800764307,500.00,CNY,97887fa3fc3b48055bfdab6a2fa0e958,2019-07-11T15:19:29.26Z
594,klook,843814160770447,500.00,CNY,57fd61c9ad504c4b60f2031a5fb4bc64,2019-07-11T15:19:29.26Z
595,klook,643015980796907,500.00,CNY,7e83bcf742d4438a6ad14e8f25ce92fe,2019-07-11T15:19:29.26Z
596,klook,419530538427334,500.00,CNY,32f3f8bb1244490f748b8bb2f4b73a98,2019-07-11T15:19:29.26Z
597,klook,364613248110271,500.00,CNY,2530f91f505543c77a43b4a8757435f3,2019-07-11T15:19:29.26Z
598,klook,966663637212589,500.00,CNY,62858a7de3464f755d65b1d51750a8d6,2019-07-11T15:19:29.26Z
599,klook,268454032578964,500.00,CNY,1cc7da0647c8406c62556679a1da22b1,2019-07-11T15:19:29.26Z
600,klook,354082500820433,500.00,CNY,18ee4b28d0284d126006ea73bfb47763,2019-07-11T15:19:29.26Z
601,klook,679696743769430,500.00,CNY,c479419693954880455b024ec571a150,2019-07-11T15:19:29.26Z
602,klook,936006012186724,500.00,CNY,9ae98b9579334a936793d7055b0411a7,2019-07-11T15:19:29.26Z
603,klook,198999082505871,500.00,CNY,8c6bac280b484fce4eede67fe471d0f1,2019-07-11T15:19:29.26Z
604,klook,689614903658194,500.00,CNY,f616c46b1f634f7740d386c300198685,2019-07-11T15:19:29.26Z
605,klook,401341068460153,500.00,CNY,a41ee9db131c4bf64bff84cb5d616f53,2019-07-11T15:19:29.26Z
606,klook,699768101961151,500.00,CNY,7aeaae9f046a44825017689265449928,2019-07-11T15:19:29.26Z
607,klook,218343644165957,500.00,CNY,ef0101f45ee9486d63ce404b0be5f385,2019-07-11T15:19:29.26Z
608,klook,326825565297916,500.00,CNY,d1beb23df2d44b8f75b70348894cc84c,2019-07-11T15:19:29.26Z
609,klook,261553077833237,500.00,CNY,552ec27f5be24dfc41e501534036919f,2019-07-11T15:19:29.26Z
610,klook,985379620491156,500.00,CNY,4ad7fa280bfb464d704d18a9253450a8,2019-07-11T15:19:29.26Z
611,klook,938430197063050,500.00,CNY,dd825daba2f34e5c419f89972c0dc4bd,2019-07-11T15:19:29.26Z
612,klook,914705257710770,500.00,CNY,30953ebd9380489b544992ac934cbf75,2019-07-11T15:19:29.26Z
613,klook,992023532237898,500.00,CNY,395db990feea40b56335f34284e3c485,2019-07-11T15:19:29.26Z
614,klook,625687198996396,500.00,CNY,16de4d31712d45f351cf9231365fa2c9,2019-07-11T15:19:29.26Z
615,klook,809720949247573,500.00,CNY,bc701db8f6154cda50a4dfa26a66312c,2019-07-11T15:19:29.26Z
616,klook,181116655543024,500.00,CNY,5e60da6523e042df4cd3117fa8f60ecc,2019-07-11T15:19:29.26Z
617,klook,699437686133411,500.00,CNY,857ca0e5c72a4fdc7308f7b4e3734be8,2019-07-11T15:19:29.26Z
618,klook,727346992863176,500.00,CNY,a2076f820a994f625fb2f2fd8fafdefc,2019-07-11T15:19:29.26Z
619,klook,232056877553653,500.00,CNY,0150b2ff675543e34f1219676f2bf9e0,2019-07-11T15:19:29.26Z
620,klook,316598352041313,500.00,CNY,2c933be674f746986573119b06bed1d1,2019-07-11T15:19:29.26Z
621,klook,243146770847307,500.00,CNY,b19246f54b9c479c4ec26b9e8aa38671,2019-07-11T15:19:29.26Z
622,klook,728492082134860,500.00,CNY,98078447df3e412347d6281c2b46cf88,2019-07-11T15:19:29.26Z
623,klook,615693492242743,500.00,CNY,5d1927bfdd47400c7f7da5529a794f94,2019-07-11T15:19:29.26Z
624,klook,746469533837634,500.00,CNY,194bcd78fbb0425e47f8ee02d68b8093,2019-07-11T15:19:29.26Z
625,klook,935702354957456,500.00,CNY,e703159558be4fed6b1bb761a5a86576,2019-07-11T15:19:29.26Z
626,klook,245948319869448,500.00,CNY,037260f9b2ee445953460f80891ecfab,2019-07-11T15:19:29.26Z
627,klook,712541041969127,500.00,CNY,32cc354e3087464755458b2d5ec09950,2019-07-11T15:19:29.26Z
628,klook,301446297392544,500.00,CNY,ff6aa34a853548b0758bf27c6934b3c6,2019-07-11T15:19:29.26Z
629,klook,105103517272087,500.00,CNY,ad2472768dd241d3558bcf12d0fa3182,2019-07-11T15:19:29.26Z
630,klook,723064505697957,500.00,CNY,1317b8cac5624dd47acee3b709b2175d,2019-07-11T15:19:29.26Z
631,klook,802005255594683,500.00,CNY,fef40a72056e44a37afb604a96bc7669,2019-07-11T15:19:29.26Z
632,klook,121493007253167,500.00,CNY,94e0a45b199e4f236d0d182c03bea08a,2019-07-11T15:19:29.26Z
633,klook,714211963110923,500.00,CNY,6408f65a88c54a297bcdcae09f76c327,2019-07-11T15:19:29.26Z
634,klook,849067234823503,500.00,CNY,e8bc66d576474aa07c654cb4b35b6721,2019-07-11T15:19:29.26Z
635,klook,112739080700301,500.00,CNY,643aa111fe0b4ad2587aa5894039eac9,2019-07-11T15:19:29.26Z
636,klook,213052450355600,500.00,CNY,c7c7329e692e432043a6112ec222fbb1,2019-07-11T15:19:29.26Z
637,klook,522147832850362,500.00,CNY,c642ea826b1f44e165ce19ef99debefe,2019-07-11T15:19:29.26Z
638,klook,104817265374058,500.00,CNY,e833bd759a0044cb64c740e5abd2e5d0,2019-07-11T15:19:29.26Z
639,klook,218041415130862,500.00,CNY,e2acf3cf033d4aab6b8a6317493f1579,2019-07-11T15:19:29.26Z
640,klook,186587531755056,500.00,CNY,c84a2a8ae13748c151cf8d0b768e9f4c,2019-07-11T15:19:29.26Z
641,klook,279395084458918,500.00,CNY,9ad06fe21b734631724a15edb224f4ed,2019-07-11T15:19:29.26Z
642,klook,374027519667131,500.00,CNY,53a626e5b3f6407e4ac5ce4192c083ce,2019-07-11T15:19:29.26Z
643,klook,386573931639100,500.00,CNY,a351b616b3e24c4f546a2ffaa520b088,2019-07-11T15:19:29.26Z
644,klook,294959247703140,500.00,CNY,f12999ec2d17447a4e1939dfb133e8a5,2019-07-11T15:19:29.26Z
645,klook,706260160612938,500.00,CNY,dd297be10bcb4c4774b83c04db57316e,2019-07-11T15:19:29.26Z
646,klook,741757431691288,500.00,CNY,07127641a1f048ec7f4761434bed1ea6,2019-07-11T15:19:29.26Z
647,klook,849532662070334,500.00,CNY,61196c6210bd4410792835b25ef584cb,2019-07-11T15:19:29.26Z
648,klook,813355407685243,500.00,CNY,1f92cd0a13c24d187c09a7472b7cb6eb,2019-07-11T15:19:29.26Z
649,klook,469897498467192,500.00,CNY,fa31096e99a6419b79af9b12fa64305c,2019-07-11T15:19:29.26Z
650,klook,913798006225532,500.00,CNY,3af32a00e1074a796396724a8f644f47,2019-07-11T15:19:29.26Z
651,klook,707791303210234,500.00,CNY,7fc615f2375741e04a9e168181242737,2019-07-11T15:19:29.26Z
652,klook,605408039931184,500.00,CNY,7c190897d2c740a846ce3423773a5c64,2019-07-11T15:19:29.26Z
653,klook,626653466509351,500.00,CNY,19ae4d678bd64ff77bea663b0336a389,2019-07-11T15:19:29.26Z
654,klook,807039062951586,500.00,CNY,95d95c384cdc423359d87cc94fbb018f,2019-07-11T15:19:29.26Z
655,klook,257651566393017,500.00,CNY,30460652245d4aeb6bac32034cef275b,2019-07-11T15:19:29.26Z
656,klook,276599577277607,500.00,CNY,b7a20d187da146ac6925f3e5ca1629b2,2019-07-11T15:19:29.26Z
657,klook,983406822165478,500.00,CNY,24d1c701ee9d4a1365629962dc7abbe1,2019-07-11T15:19:29.26Z
658,klook,472115165244334,500.00,CNY,c0699a075e7e4a1e60f6cba8d2aa6c2c,2019-07-11T15:19:29.26Z
659,klook,595544493187235,500.00,CNY,006acb484f94431e573a08056dfaf835,2019-07-11T15:19:29.26Z
660,klook,574996244098895,500.00,CNY,96034143022345d87e2214067bf55329,2019-07-11T15:19:29.26Z
661,klook,146606766457854,500.00,CNY,70619cb32d6e455a657d36df6139a573,2019-07-11T15:19:29.26Z
662,klook,394016689957320,500.00,CNY,75e95f20b95643845d2bced8ca81dae0,2019-07-11T15:19:29.26Z
663,klook,789944134041248,500.00,CNY,f0941c20c6354b1660052c5ba53c999b,2019-07-11T15:19:29.26Z
664,klook,852955776651303,500.00,CNY,bca2c6af814c4afc68a850aed965866f,2019-07-11T15:19:29.26Z
665,klook,327300168691691,500.00,CNY,6ea60a6e4ad043406c1ba2e7bb5f831c,2019-07-11T15:19:29.26Z
666,klook,247842473576731,500.00,CNY,9ea7b7823f7040d25e47d3aa30080c86,2019-07-11T15:19:29.26Z
667,klook,480624467480615,500.00,CNY,c76a63588a6445e77489f8bed2d9154e,2019-07-11T15:19:29.26Z
668,klook,746453975931748,500.00,CNY,5ab34ac61c044e476b00861fc776fb9e,2019-07-11T15:19:29.26Z
669,klook,330278261316295,500.00,CNY,f12911aa34764eb558d71e17df9d7c56,2019-07-11T15:19:29.26Z
670,klook,424430535599883,500.00,CNY,84eda1eb1eab44965a879e7389d9effa,2019-07-11T15:19:29.26Z
671,klook,379456241879163,500.00,CNY,f6b9980e3155466c7abc6d361dc40bcd,2019-07-11T15:19:29.26Z
672,klook,335408752666200,500.00,CNY,30a60a4bbbe448b86041858e96a14bf5,2019-07-11T15:19:29.26Z
673,klook,952727079229985,500.00,CNY,c358a81435a647c563b9c9acf930ffa6,2019-07-11T15:19:29.26Z
674,klook,271075910382770,500.00,CNY,e75f2c5cfcc14db45e7c95052e77251e,2019-07-11T15:19:29.26Z
675,klook,546796257700933,500.00,CNY,2751ea4297674ac45491943176bab44a,2019-07-11T15:19:29.26Z
676,klook,764337889529413,500.00,CNY,e83c6ad24a904bbe77bba4352e6f8e61,2019-07-11T15:19:29.26Z
677,klook,258215444949692,500.00,CNY,d13db293ee9c452d5b413ee6ad40b0d8,2019-07-11T15:19:29.26Z
678,klook,335956323215698,500.00,CNY,99af703d3ae841664eba2dbb17b9766a,2019-07-11T15:19:29.26Z
679,klook,693871238958382,500.00,CNY,48c93ff08c444d86409e466cb7efdef1,2019-07-11T15:19:29.26Z
680,klook,566032368884680,500.00,CNY,756ce1a20a134628762ddad53ff498f1,2019-07-11T15:19:29.26Z
681,klook,337173687618082,500.00,CNY,9e6148b0e4874335738b0d130901b99b,2019-07-11T15:19:29.26Z
682,klook,601321610123202,500.00,CNY,2fceb9c7c40a443f5dcf1db525ee8cd5,2019-07-11T15:19:29.26Z
683,klook,564979287373146,500.00,CNY,5323dfd0417b4bab5c34b0b9f6788a6b,2019-07-11T15:19:29.26Z
684,klook,973892573223093,500.00,CNY,b78cd1e8d77f40ae68131ddfe31a5f87,2019-07-11T15:19:29.26Z
685,klook,873598259913913,500.00,CNY,158edf043670470777bd107402498b3f,2019-07-11T15:19:29.26Z
686,klook,883390012821971,500.00,CNY,4d7c8f4eff60470f71eb11ab30487d17,2019-07-11T15:19:29.26Z
687,klook,914265783966811,500.00,CNY,ec7b18d5fb8b474142d7ad4da0d4b6bd,2019-07-11T15:19:29.26Z
688,klook,105275223966771,500.00,CNY,1ab6fa52a04248c86926c1fed7b49aaf,2019-07-11T15:19:29.26Z
689,klook,239032983557401,500.00,CNY,7def95a4f76845ed6facbe5a7458945d,2019-07-11T15:19:29.26Z
690,klook,147323925117375,500.00,CNY,96e10f8222f6405842c3b3c79d171068,2019-07-11T15:19:29.26Z
691,klook,795180247275256,500.00,CNY,b573b5cd9f25437e661afe530abc6d87,2019-07-11T15:19:29.26Z
692,klook,624414550042140,500.00,CNY,c5cdf525114b4a3c6f97c506753ae860,2019-07-11T15:19:29.26Z
693,klook,669411097562291,500.00,CNY,2626f53667b843d06b06b7e45480fad4,2019-07-11T15:19:29.26Z
694,klook,537494013762754,500.00,CNY,f962092f01ba45ef4f59c66d135154cc,2019-07-11T15:19:29.26Z
695,klook,969075610900189,500.00,CNY,89f30946a7a948c3546733b2e62c7b29,2019-07-11T15:19:29.26Z
696,klook,703443367895719,500.00,CNY,74af9e3b4ad44b8d6084f4fd9f7d8327,2019-07-11T15:19:29.26Z
697,klook,493049143796314,500.00,CNY,20752afa8bce4b1e69911bf8d05b473e,2019-07-11T15:19:29.26Z
698,klook,895965981368570,500.00,CNY,4b2e6937f0b147c6638777fcb4bb7b9f,2019-07-11T15:19:29.26Z
699,klook,637421182292165,500.00,CNY,da6dcd2cd7944b06405351115dc96afe,2019-07-11T15:19:29.26Z
700,klook,964853882002658,500.00,CNY,7422aa1175b945d9436fd56ef3f8b20f,2019-07-11T15:19:29.26Z
701,klook,111932882656285,500.00,CNY,9262d7c97c394a57733c144f36d66471,2019-07-11T15:19:29.26Z
702,klook,235650801329464,500.00,CNY,6287fb3e01544492668bb93247c2fcad,2019-07-11T15:19:29.26Z
703,klook,155499252945041,500.00,CNY,6e4429bcb31e446d659df40f13999cb2,2019-07-11T15:19:29.26Z
704,klook,225189750961239,500.00,CNY,99fda6583a18461542a6e9d054add828,2019-07-11T15:19:29.26Z
705,klook,360179816576224,500.00,CNY,e325edd64e1b462f428e86a3f2fb8de4,2019-07-11T15:19:29.26Z
706,klook,282136897966723,500.00,CNY,ff99aea76c9a4f9270e04205c844eb63,2019-07-11T15:19:29.26Z
707,klook,187248316376326,500.00,CNY,a78514e115194b6e56618461bb828f35,2019-07-11T15:19:29.26Z
708,klook,138827006985305,500.00,CNY,11ba8feb3b5e45db7d2515a6441f8c5a,2019-07-11T15:19:29.26Z
709,klook,683933348849552,500.00,CNY,3bcc977ba7274e124b95357a150c3f81,2019-07-11T15:19:29.26Z
710,klook,611009626258579,500.00,CNY,3e95afc5f18b4a97734cac17ce0e1fc8,2019-07-11T15:19:29.26Z
711,klook,175195797125967,500.00,CNY,c4f014ca8cd847d575321060e10ce3e4,2019-07-11T15:19:29.26Z
712,klook,804171027379205,500.00,CNY,82f5b7c0392c448a56dbb93f0184cc8f,2019-07-11T15:19:29.26Z
713,klook,494156222198096,500.00,CNY,e0b317a9bf4e43694aa983ac58884b76,2019-07-11T15:19:29.26Z
714,klook,383840274890440,500.00,CNY,2a7d4f3edc6d45a6790f7ac68fed7472,2019-07-11T15:19:29.26Z
715,klook,344632770172457,500.00,CNY,519d9b0656404fd465a7c0419ca81359,2019-07-11T15:19:29.26Z
716,klook,690151216463644,500.00,CNY,51781d5b2ea64a4745b803f8a4d48000,2019-07-11T15:19:29.26Z
717,klook,700891183465257,500.00,CNY,13134ddd00f4484e74d271e72bfc2a59,2019-07-11T15:19:29.26Z
718,klook,243164906386193,500.00,CNY,df69faa6a52d4eaa677ec8f35cad2740,2019-07-11T15:19:29.26Z
719,klook,767174486575549,500.00,CNY,35efa71711a34e847e46a9770b8bd631,2019-07-11T15:19:29.26Z
720,klook,605193718406449,500.00,CNY,8258c803bec740135d54864a05b809b1,2019-07-11T15:19:29.26Z
721,klook,262076701683739,500.00,CNY,86cfbf73c11a4551524f9567231a16db,2019-07-11T15:19:29.26Z
722,klook,681585098652956,500.00,CNY,6857862ae2594ab95e85fad02113ac69,2019-07-11T15:19:29.26Z
723,klook,401479904114315,500.00,CNY,7ce590b6a6d54cbd58dcca335d3cb927,2019-07-11T15:19:29.26Z
724,klook,339076130382908,500.00,CNY,65ceb41a8c7142e54bb5e77c06f82171,2019-07-11T15:19:29.26Z
725,klook,746027102477981,500.00,CNY,fcafb9ffbf4d400f540cb8dfafa7dd51,2019-07-11T15:19:29.26Z
726,klook,940086882523457,500.00,CNY,b130ab7b1753451666b6b71b790a1a2c,2019-07-11T15:19:29.26Z
727,klook,834908382593737,500.00,CNY,71bf008c633a4ed1586dcb725ec930af,2019-07-11T15:19:29.26Z
728,klook,140198383021299,500.00,CNY,60ec2d44841b4431430084f3440ed9bb,2019-07-11T15:19:29.26Z
729,klook,749466220703896,500.00,CNY,86cc1682e3b041ed7217fb5d3f8561df,2019-07-11T15:19:29.26Z
730,klook,299838362661735,500.00,CNY,1d542723627446726a1d93f947a6c1fb,2019-07-11T15:19:29.26Z
731,klook,389939407807291,500.00,CNY,1bfd392d49084ce6442583aac06ca32f,2019-07-11T15:19:29.26Z
732,klook,494346050666490,500.00,CNY,04664b750df04e964ac62d869bc9b4c2,2019-07-11T15:19:29.26Z
733,klook,711033925884868,500.00,CNY,9cd67493c9f440764fb4c21feb2667c1,2019-07-11T15:19:29.26Z
734,klook,665446003173623,500.00,CNY,51beebd4e4de476c508e094198f39dc6,2019-07-11T15:19:29.26Z
735,klook,402562990674946,500.00,CNY,fc9c79a25f1a406958f0cbe32d4079db,2019-07-11T15:19:29.26Z
736,klook,478055864560652,500.00,CNY,ca64474f4a224b1b55755bb0d1386f89,2019-07-11T15:19:29.26Z
737,klook,760541967629537,500.00,CNY,91ffc90adc894eb96086bf3491b1dcdc,2019-07-11T15:19:29.26Z
738,klook,747277744496969,500.00,CNY,862dc864a3114edf51a4dfdbc7056b0d,2019-07-11T15:19:29.26Z
739,klook,118559417747462,500.00,CNY,43f271aff83f4e92489deb1e3b1fc0ab,2019-07-11T15:19:29.26Z
740,klook,732079173040254,500.00,CNY,75de323cb53d46f564b3aa21b7390cd5,2019-07-11T15:19:29.26Z
741,klook,457487922152610,500.00,CNY,5ab2169e14534ca1407dc69a823e6b4c,2019-07-11T15:19:29.26Z
742,klook,601695609994777,500.00,CNY,1b86c3e26a2048af70afc6e55de4f4fb,2019-07-11T15:19:29.26Z
743,klook,631787102450867,500.00,CNY,dc122dbf983147f262e825c401ac4772,2019-07-11T15:19:29.26Z
744,klook,213896121446599,500.00,CNY,0d6f76392ca54dcd55efdc57e797df35,2019-07-11T15:19:29.26Z
745,klook,300243256733679,500.00,CNY,935b29b3d48e46c77baef8e6b22e3a3a,2019-07-11T15:19:29.26Z
746,klook,160486903865014,500.00,CNY,48462721e4b14e2a6d8a795bce82b77a,2019-07-11T15:19:29.26Z
747,klook,425428546092316,500.00,CNY,5d4ca212f2b14ff065a2013082e6d43a,2019-07-11T15:19:29.26Z
748,klook,965914296709854,500.00,CNY,0da5b6b84d6d4357789894f53fe7e0ad,2019-07-11T15:19:29.26Z
749,klook,827628253620409,500.00,CNY,7f8e1bd1aef948ef55eca619e57cc7b6,2019-07-11T15:19:29.26Z
750,klook,873471246750097,500.00,CNY,2e81271690144d07670a16af8735540e,2019-07-11T15:19:29.26Z
751,klook,335951186929657,500.00,CNY,b5b16c42db4c4629771ba467757f234f,2019-07-11T15:19:29.26Z
752,klook,600666536713722,500.00,CNY,29b41e18eaac4a526eb6f999064103df,2019-07-11T15:19:29.26Z
753,klook,489814802811531,500.00,CNY,98d77b1c81dc41f6709413d5459a1092,2019-07-11T15:19:29.26Z
754,klook,844213579884640,500.00,CNY,86fdbee3f8f14b8b62d3944019712b26,2019-07-11T15:19:29.26Z
755,klook,148690075778035,500.00,CNY,b2907f59ca0641026752cb22210ef360,2019-07-11T15:19:29.26Z
756,klook,535352985475512,500.00,CNY,a7ada1f4f15546d545e399c0d94be5c0,2019-07-11T15:19:29.26Z
757,klook,380200899821390,500.00,CNY,b5380cd4bfc6420f5542288134961de1,2019-07-11T15:19:29.26Z
758,klook,201059343224781,500.00,CNY,82a4257c5b9d4b9f78b760b10a3ea60f,2019-07-11T15:19:29.26Z
759,klook,322419997417293,500.00,CNY,d1253b306ac64e2d56b5070d7f8a8b33,2019-07-11T15:19:29.26Z
760,klook,855371556396248,500.00,CNY,38479971917e4f595f29dc435972b2dd,2019-07-11T15:19:29.26Z
761,klook,878887086996463,500.00,CNY,6d8401fe90ff453e5386f482919c85bf,2019-07-11T15:19:29.26Z
762,klook,817218562683624,500.00,CNY,2861f0a280b54a217e0e11a59041a7aa,2019-07-11T15:19:29.26Z
763,klook,168414102283153,500.00,CNY,e51df8506ec9463f518d37ca137122c6,2019-07-11T15:19:29.26Z
764,klook,390164631224448,500.00,CNY,479e7d31fe1b42fb4a2aca461b85b943,2019-07-11T15:19:29.26Z
765,klook,316059710254810,500.00,CNY,623eec62bcf847fa51ffed4d18d8a270,2019-07-11T15:19:29.26Z
766,klook,302242548842122,500.00,CNY,6677c0b21b9142b76f2724b63d24a674,2019-07-11T15:19:29.26Z
767,klook,371551935446430,500.00,CNY,70fc86336f6b4a4c7e58aef8d99a7bc4,2019-07-11T15:19:29.26Z
768,klook,981733339240874,500.00,CNY,486bd6ec798142434da8e924b1586d07,2019-07-11T15:19:29.26Z
769,klook,945735929026271,500.00,CNY,10c06ffed9b44f217899071346744aef,2019-07-11T15:19:29.26Z
770,klook,283817831141081,500.00,CNY,3d07d3c377cf4bbe70cf4af668d65a5a,2019-07-11T15:19:29.26Z
771,klook,451155431928047,500.00,CNY,cab4fb8d81ae470a74922d7181bcb854,2019-07-11T15:19:29.26Z
772,klook,999026621731766,500.00,CNY,ef313bd3e1a048f7512359eba82051ba,2019-07-11T15:19:29.26Z
773,klook,803669030903728,500.00,CNY,b9f30108901141834c32789d2704bcc3,2019-07-11T15:19:29.26Z
774,klook,192276783362554,500.00,CNY,08b8dbc748744ff9490b578399685fec,2019-07-11T15:19:29.26Z
775,klook,633191959199410,500.00,CNY,2d3db43d911a4e5d6874a5c56adc5c66,2019-07-11T15:19:29.26Z
776,klook,530785126812712,500.00,CNY,97e2737339eb44845707e8837472db86,2019-07-11T15:19:29.26Z
777,klook,714791671460979,500.00,CNY,bc3894848b1349327df246ab6bef4090,2019-07-11T15:19:29.26Z
778,klook,892839702886697,500.00,CNY,28503c84c16742bb5dd374861590f08c,2019-07-11T15:19:29.26Z
779,klook,724456720211333,500.00,CNY,3136e2e32d6a44944599287f2db95f81,2019-07-11T15:19:29.26Z
780,klook,914199910292644,500.00,CNY,381e54ef076e460b438b17c919033444,2019-07-11T15:19:29.26Z
781,klook,884714918742169,500.00,CNY,e1d380e167e0400441a7598b2dd1da20,2019-07-11T15:19:29.26Z
782,klook,901568339004321,500.00,CNY,ff1b2257cf014e1c737068498cc41ca0,2019-07-11T15:19:29.26Z
783,klook,899274563159398,500.00,CNY,7601d4d7675c42124a08286302a37e0e,2019-07-11T15:19:29.26Z
784,klook,655343878331167,500.00,CNY,ad303fe46fc84b064f2fd55f47979c0c,2019-07-11T15:19:29.26Z
785,klook,179665970330516,500.00,CNY,0ac82412c78448a478164b2bbc67a411,2019-07-11T15:19:29.26Z
786,klook,369480351767427,500.00,CNY,18a9e403de9444f34525b6fd66335587,2019-07-11T15:19:29.26Z
787,klook,176043573107958,500.00,CNY,0f2730741ce74c167e14d4598bd4659f,2019-07-11T15:19:29.26Z
788,klook,197794257519868,500.00,CNY,2bf6d6fdea144d43433f98a744a50703,2019-07-11T15:19:29.26Z
789,klook,541002283935485,500.00,CNY,4bbdf8c7c55a4f475705f55b64028b2b,2019-07-11T15:19:29.26Z
790,klook,311824721546746,500.00,CNY,bc2643503c9345fc60994381c5131667,2019-07-11T15:19:29.26Z
791,klook,427910088291562,500.00,CNY,0cadfd93d2f9498e6ea68adec26bfd70,2019-07-11T15:19:29.26Z
792,klook,956858421761027,500.00,CNY,60a63b0ba59a4df95f4fa36f02c8c2f8,2019-07-11T15:19:29.26Z
793,klook,295418868579418,500.00,CNY,f8e9fedca4f24c915616f4b72a4662e5,2019-07-11T15:19:29.26Z
794,klook,683706648089313,500.00,CNY,2cca5a44eba34f885744a8d4e4e316ef,2019-07-11T15:19:29.26Z
795,klook,320575739308718,500.00,CNY,e7c22bd3bd164ef2692f4630f77daf20,2019-07-11T15:19:29.26Z
796,klook,893539910234314,500.00,CNY,e33d5d98566c4a5d4f58f6e8d7fe6929,2019-07-11T15:19:29.26Z
797,klook,375711943875102,500.00,CNY,34b217a48a00445a4513d287a6f90bb3,2019-07-11T15:19:29.26Z
798,klook,697958622840345,500.00,CNY,abeba9cdb18e4aac69e7f650a1a64b36,2019-07-11T15:19:29.26Z
799,klook,967959124794539,500.00,CNY,ea41cc66aafc4cb24954af72912da2ae,2019-07-11T15:19:29.26Z
800,klook,173547371810754,500.00,CNY,c84dc656f06f490745d867b26ef2e281,2019-07-11T15:19:29.26Z
801,klook,706964989563424,500.00,CNY,e2660c6bb3db493e64ec40434981116d,2019-07-11T15:19:29.26Z
802,klook,957703234627542,500.00,CNY,76a510e4339e4a347d57ce18e23f3532,2019-07-11T15:19:29.26Z
803,klook,114127329119816,500.00,CNY,15a4aa2fe86c484253887af24e18010e,2019-07-11T15:19:29.26Z
804,klook,347024738150062,500.00,CNY,f16dea632609405d7ce3804c9e730870,2019-07-11T15:19:29.26Z
805,klook,977150650731083,500.00,CNY,fe6c1cd02dcd46b94de00266b20a4d14,2019-07-11T15:19:29.26Z
806,klook,135294813689878,500.00,CNY,f572b690702c41b579ebba7b97529096,2019-07-11T15:19:29.26Z
807,klook,806471350721041,500.00,CNY,282778775fe3412a612eece075715e8e,2019-07-11T15:19:29.26Z
808,klook,276229345578688,500.00,CNY,c7b47f8980e5425d5f44d1dc280d0eba,2019-07-11T15:19:29.26Z
809,klook,455849296494237,500.00,CNY,9827b4b7f7e94bb44c1abf5c3caddc9c,2019-07-11T15:19:29.26Z
810,klook,125237297838173,500.00,CNY,bc7d09873c2d4a3e78e289053dcf1bf5,2019-07-11T15:19:29.26Z
811,klook,803137886511084,500.00,CNY,dc1944a98bfa4fd764aaf68fa4adf0ac,2019-07-11T15:19:29.26Z
812,klook,835048593413352,500.00,CNY,9e9de116fce445cb451c2aed43475c92,2019-07-11T15:19:29.26Z
813,klook,279740217846677,500.00,CNY,5a5007d9a837442a68c0b7ff983bc7d4,2019-07-11T15:19:29.26Z
814,klook,975443442757289,500.00,CNY,fd12ee9649fa48d17ce747f06e388a4f,2019-07-11T15:19:29.26Z
815,klook,284070216234642,500.00,CNY,09a82cf4e7094e604ff2105152d53b23,2019-07-11T15:19:29.26Z
816,klook,831718503628859,500.00,CNY,726c19ce0e794205488aa91127d2f2f5,2019-07-11T15:19:29.26Z
817,klook,756478589898577,500.00,CNY,1c1ea495f788488753ad8f27dbef1a39,2019-07-11T15:19:29.26Z
818,klook,774928755567795,500.00,CNY,acf6f19e2de54c0677bf17afccd2931e,2019-07-11T15:19:29.26Z
819,klook,368680658577271,500.00,CNY,814a39ffae8b4ecf531ca1efcfed328b,2019-07-11T15:19:29.26Z
820,klook,385561992132767,500.00,CNY,13301fad1bb0497e79d6abb92e9a251c,2019-07-11T15:19:29.26Z
821,klook,194200130202096,500.00,CNY,c53b35be60d345f24225f6f4b136d1c2,2019-07-11T15:19:29.26Z
822,klook,506391107798736,500.00,CNY,a6764cb3a6be4aac4466c28dcf740561,2019-07-11T15:19:29.26Z
823,klook,307701713140263,500.00,CNY,06c44463e90743bb584580f4cbedf5a3,2019-07-11T15:19:29.26Z
824,klook,808658085116401,500.00,CNY,11ebd8548e5d434f71da3b908fda493e,2019-07-11T15:19:29.26Z
825,klook,613821405618157,500.00,CNY,ae1200786a3847685a2cbd6a7236e130,2019-07-11T15:19:29.26Z
826,klook,555034353707354,500.00,CNY,309dfe6c918b4e31737184694fb8f871,2019-07-11T15:19:29.26Z
827,klook,372444748589780,500.00,CNY,9dd9332b8363475e70aaa36855e7d22e,2019-07-11T15:19:29.26Z
828,klook,829122834908015,500.00,CNY,b2d8f352cca54633528398a4953f664f,2019-07-11T15:19:29.26Z
829,klook,337776586226570,500.00,CNY,ac72991591744dcb6718ca6bae2c25eb,2019-07-11T15:19:29.26Z
830,klook,443499586383215,500.00,CNY,2758238cbb0d4840668f7fe113e42ee0,2019-07-11T15:19:29.26Z
831,klook,618266840999358,500.00,CNY,b978730c02fd459669e5f4d49a542057,2019-07-11T15:19:29.26Z
832,klook,535128126002387,500.00,CNY,3a1a718b6daf44fb5d14acd04522a20e,2019-07-11T15:19:29.26Z
833,klook,672725437146770,500.00,CNY,f5126b328fcd4c2d4b657853a28051e6,2019-07-11T15:19:29.26Z
834,klook,129514290472907,500.00,CNY,48962461ebbf4b3179373b69ea223e14,2019-07-11T15:19:29.26Z
835,klook,345394507530138,500.00,CNY,90e0822dca8740835d2e7b24ec317531,2019-07-11T15:19:29.26Z
836,klook,797850484672733,500.00,CNY,42106c24d4c44e0c61bb2e02bf5cda58,2019-07-11T15:19:29.26Z
837,klook,282197508325697,500.00,CNY,ccdfdf6d5315427c6542119523a3e41c,2019-07-11T15:19:29.26Z
838,klook,845559019966909,500.00,CNY,8b3dd743c9be4a944c51845b44c5424e,2019-07-11T15:19:29.26Z
839,klook,734350083466246,500.00,CNY,9ff0ce2261a544316d7c0cda0681183f,2019-07-11T15:19:29.26Z
840,klook,836489296613240,500.00,CNY,5a1da44260e3424c7b181d2fda4142e3,2019-07-11T15:19:29.26Z
841,klook,261199596184235,500.00,CNY,10feed5ed87747756926164dfc989e06,2019-07-11T15:19:29.26Z
842,klook,285186900691592,500.00,CNY,ddf90374b9094ce25027d7f102d2a6a6,2019-07-11T15:19:29.26Z
843,klook,402505039061582,500.00,CNY,7a4296a0a9184156621fc6d2e94052e2,2019-07-11T15:19:29.26Z
844,klook,158941785396063,500.00,CNY,1d45c51db33f4c73568c1afd565442d0,2019-07-11T15:19:29.26Z
845,klook,188706531178870,500.00,CNY,92811aadadae491b451d6e18e0822165,2019-07-11T15:19:29.26Z
846,klook,679199767462917,500.00,CNY,199285953fa4416c4c004b38fea13190,2019-07-11T15:19:29.26Z
847,klook,968091664314003,500.00,CNY,0b21c68b4b7b4c326eee72ded827dc50,2019-07-11T15:19:29.26Z
848,klook,278246826675956,500.00,CNY,ff810c1df00544304b6a86e8bf878dea,2019-07-11T15:19:29.26Z
849,klook,630566354932953,500.00,CNY,31ababe0bc6a4e3373afb27acade7675,2019-07-11T15:19:29.26Z
850,klook,534813605604888,500.00,CNY,dab51fc107a249f760ba421ee2a2763f,2019-07-11T15:19:29.26Z
851,klook,793730095152828,500.00,CNY,f285dece60f2463a7045102019adaa1f,2019-07-11T15:19:29.26Z
852,klook,534750025315320,500.00,CNY,06f132ec66164e4362fd586f8c82f34e,2019-07-11T15:19:29.26Z
853,klook,978361913360396,500.00,CNY,befca1aaf6d745aa65e03da628d5a55d,2019-07-11T15:19:29.26Z
854,klook,951308751171106,500.00,CNY,d8073cd74ecb42655c64da462c01fb7f,2019-07-11T15:19:29.26Z
855,klook,977182012922086,500.00,CNY,165e063d3d3540aa4d9e4b92fe43be3c,2019-07-11T15:19:29.26Z
856,klook,357519260512256,500.00,CNY,91c81e799e5c45085fed23fdbc781354,2019-07-11T15:19:29.26Z
857,klook,495295260657303,500.00,CNY,1bb94d4b95e04e4c6a7064d087c8a428,2019-07-11T15:19:29.26Z
858,klook,280219470707785,500.00,CNY,b93d9efa98494ff67f83f2c5fc52413b,2019-07-11T15:19:29.26Z
859,klook,760312190376518,500.00,CNY,2dafce2eff0d4ab352a9ac38f8a48dc0,2019-07-11T15:19:29.26Z
860,klook,186049589507592,500.00,CNY,7c2287c097f647466b4a49859c0ca8c0,2019-07-11T15:19:29.26Z
861,klook,903101291791895,500.00,CNY,d1d4b332f294448c74832dda8a3d128a,2019-07-11T15:19:29.26Z
862,klook,235832259955107,500.00,CNY,ccd28240fac64f3a43f29557387037ee,2019-07-11T15:19:29.26Z
863,klook,467064294794523,500.00,CNY,9600cd6d40fc43f85f947e7cceab333b,2019-07-11T15:19:29.26Z
864,klook,918810304320675,500.00,CNY,744dec9fc946461975469e2d59c4ec9c,2019-07-11T15:19:29.26Z
865,klook,946377378780114,500.00,CNY,5ad8d343dc47449d60de900c76c43210,2019-07-11T15:19:29.26Z
866,klook,400695689836982,500.00,CNY,4d9fd2deb56d43337c090856ab8f8395,2019-07-11T15:19:29.26Z
867,klook,229969165576753,500.00,CNY,5d8844a576c144d75b3ec415a82a0a9d,2019-07-11T15:19:29.26Z
868,klook,429989787844969,500.00,CNY,558e0be0331a406541d8ff93cf2e56d3,2019-07-11T15:19:29.26Z
869,klook,643312243268387,500.00,CNY,5875f7ad76a14d6179d3e6efb29d5ccc,2019-07-11T15:19:29.26Z
870,klook,527988009586258,500.00,CNY,97ed9e2a24e24a715ab1659e54ecf7f5,2019-07-11T15:19:29.26Z
871,klook,260639546018528,500.00,CNY,afb3cc03f1514ffc6ddcd2ba19afb43c,2019-07-11T15:19:29.26Z
872,klook,904540196353521,500.00,CNY,aee324e3614641dd55ec9860d89aeff3,2019-07-11T15:19:29.26Z
873,klook,219680786945584,500.00,CNY,01f6fef51570454c52c44d60c9984436,2019-07-11T15:19:29.26Z
874,klook,107170616645403,500.00,CNY,7816b9b290fb41e15dd0a46495a1f4fc,2019-07-11T15:19:29.26Z
875,klook,235587391961160,500.00,CNY,d8b33b7ef43047416117ffecba796283,2019-07-11T15:19:29.26Z
876,klook,805453906812459,500.00,CNY,3aa688aeac2d45a240222957cfdb0d51,2019-07-11T15:19:29.26Z
877,klook,264564013430294,500.00,CNY,163a59022a7e49e34a0002defcb9c54b,2019-07-11T15:19:29.26Z
878,klook,656065663449415,500.00,CNY,a4930f55b2a54ff85360fddecfa10f1c,2019-07-11T15:19:29.26Z
879,klook,650351113663380,500.00,CNY,12ee81f358de4ad552313abf8d48745b,2019-07-11T15:19:29.26Z
880,klook,852470840111576,500.00,CNY,f8e94e4087a24bbe70f0546f9df3670f,2019-07-11T15:19:29.26Z
881,klook,926718909965270,500.00,CNY,4e21210e5a8b471c6b2462327d062a8d,2019-07-11T15:19:29.26Z
882,klook,429534668665669,500.00,CNY,07e9e78dbc8d494644c5c7df5d4322aa,2019-07-11T15:19:29.26Z
883,klook,976155795957727,500.00,CNY,a6605e9ec9b04c0e7543411e8b34bf4c,2019-07-11T15:19:29.26Z
884,klook,377131440828197,500.00,CNY,f96be72f9ac2404048e7ebd40a089f32,2019-07-11T15:19:29.26Z
885,klook,779104552155805,500.00,CNY,f50c9ba151db474b52008bc42d8d24e3,2019-07-11T15:19:29.26Z
886,klook,529915993493866,500.00,CNY,a46cb995a77d4ac84058d439f0f38c55,2019-07-11T15:19:29.26Z
887,klook,792779221098508,500.00,CNY,064c9874479e4a915fa9ea660539fda3,2019-07-11T15:19:29.26Z
888,klook,400166610593523,500.00,CNY,c431b332edb649827355b18a2d50da4e,2019-07-11T15:19:29.26Z
889,klook,241164914038095,500.00,CNY,43ba5ef6af0b49aa7e00e8caacddb607,2019-07-11T15:19:29.26Z
890,klook,575335497412751,500.00,CNY,88f5ea3e9c0041ee5d17a72b8ff14b40,2019-07-11T15:19:29.26Z
891,klook,756072845905843,500.00,CNY,adb0b95b664143d279b9e1630316c26a,2019-07-11T15:19:29.26Z
892,klook,140015550243123,500.00,CNY,9845c8983c004d4a5e6ea35aa831d99b,2019-07-11T15:19:29.26Z
893,klook,755908294543376,500.00,CNY,94398eb9441a48f454b468afbe252716,2019-07-11T15:19:29.26Z
894,klook,561295335798047,500.00,CNY,86271a59c93449c67d4baad4db96d17f,2019-07-11T15:19:29.26Z
895,klook,988993842949770,500.00,CNY,24b8b113db89412a70402a552fadbd76,2019-07-11T15:19:29.26Z
896,klook,384242789266833,500.00,CNY,2ffaa11365704d53611264d962180e90,2019-07-11T15:19:29.26Z
897,klook,920967895652339,500.00,CNY,58ace2b0e9b047477f9df80fc74a577e,2019-07-11T15:19:29.26Z
898,klook,647997261816866,500.00,CNY,e4797e06e791420967779a220b5bd502,2019-07-11T15:19:29.26Z
899,klook,516271962484010,500.00,CNY,962903fe70a24928457bf3b711546dab,2019-07-11T15:19:29.26Z
900,klook,545626142572688,500.00,CNY,9fdf388d9f20499762349f45c2f02928,2019-07-11T15:19:29.26Z
901,klook,395305691024358,500.00,CNY,6270b2c3a1c148ad557d9fa90ca365ce,2019-07-11T15:19:29.26Z
902,klook,525882431367966,500.00,CNY,6f9cce82daa240f35d965bcc306be114,2019-07-11T15:19:29.26Z
903,klook,738408267038931,500.00,CNY,7d92a14ad2f24c774c436c76b4bcc568,2019-07-11T15:19:29.26Z
904,klook,715262883624743,500.00,CNY,805e6f849b6742915bca317521ecb04f,2019-07-11T15:19:29.26Z
905,klook,744358690625612,500.00,CNY,e6aa2aa125b8445c4235466786a74c37,2019-07-11T15:19:29.26Z
906,klook,799772310366499,500.00,CNY,381f45cc2dd6488f58b1bbd2dfbc3048,2019-07-11T15:19:29.26Z
907,klook,440946537314444,500.00,CNY,02f1976868c04cf35af0a94f1c69c667,2019-07-11T15:19:29.26Z
908,klook,147897063341994,500.00,CNY,22a5174c3a1848425045e6c7f7c4ba46,2019-07-11T15:19:29.26Z
909,klook,658265461410957,500.00,CNY,bc0cef81d0154ad5614ddf891cbf205c,2019-07-11T15:19:29.26Z
910,klook,616189787607223,500.00,CNY,6b146267d38a4241425033d52f4ddae2,2019-07-11T15:19:29.26Z
911,klook,887639889456928,500.00,CNY,7332e6d1498347396b39a6f6074daa3d,2019-07-11T15:19:29.26Z
912,klook,269476749756487,500.00,CNY,3eb735c3b5d34f0e63febe161895cf05,2019-07-11T15:19:29.26Z
913,klook,969655705508053,500.00,CNY,91b305883704498f4bb295d25c7963f5,2019-07-11T15:19:29.26Z
914,klook,765092683499442,500.00,CNY,9d7ad77b231f481b40264be8e18932a5,2019-07-11T15:19:29.26Z
915,klook,723715332059881,500.00,CNY,6fcfa6aa29fe4d687cd15c4f34482a47,2019-07-11T15:19:29.26Z
916,klook,282822313017793,500.00,CNY,b50ccfd5fbdc4df55a42fb565f522f9c,2019-07-11T15:19:29.26Z
917,klook,504894104192673,500.00,CNY,d3d5f7317db448d46c8fed4462acbcb6,2019-07-11T15:19:29.26Z
918,klook,121302776091421,500.00,CNY,641db339cc1e4d69617d42038be871ee,2019-07-11T15:19:29.26Z
919,klook,487693911617462,500.00,CNY,77776785eb774f5a5d5b2c70ad6ca27c,2019-07-11T15:19:29.26Z
920,klook,643629651095286,500.00,CNY,23e1621d286d4027577bf10ea8336d5d,2019-07-11T15:19:29.26Z
921,klook,207210668660512,500.00,CNY,9b1762df1cde45ef72e227732efd364a,2019-07-11T15:19:29.26Z
922,klook,153576028059534,500.00,CNY,35207972cd8a4489520d272cec4842e3,2019-07-11T15:19:29.26Z
923,klook,700369558808394,500.00,CNY,3b0aedec780749556aea8794a4c582c8,2019-07-11T15:19:29.26Z
924,klook,645476746353976,500.00,CNY,ee1eef5084a543374fc8c53a982c3cc5,2019-07-11T15:19:29.26Z
925,klook,654156787803164,500.00,CNY,c2c41626411a44986aba384c092dc84d,2019-07-11T15:19:29.26Z
926,klook,159365229351746,500.00,CNY,0baaa34003b8441975de7fb108077eda,2019-07-11T15:19:29.26Z
927,klook,257431720400289,500.00,CNY,0514f004b8a741744e8b45fd34a0842c,2019-07-11T15:19:29.26Z
928,klook,865847294233180,500.00,CNY,f665957ccf9b4f17595d8f4d8828b2e2,2019-07-11T15:19:29.26Z
929,klook,515503919336890,500.00,CNY,f11022f5ee09406540f3e50b2e44a34e,2019-07-11T15:19:29.26Z
930,klook,804830791798829,500.00,CNY,78c9e83cae8e48276fdb44a1bf462c6f,2019-07-11T15:19:29.26Z
931,klook,911628942865915,500.00,CNY,3bd4715acb9d48097a5769fed1753c7a,2019-07-11T15:19:29.26Z
932,klook,299453221136258,500.00,CNY,57eda2d643704c0269d942082e692554,2019-07-11T15:19:29.26Z
933,klook,655156707268206,500.00,CNY,b997b90535bc49375aa64e6c90be782a,2019-07-11T15:19:29.26Z
934,klook,787840795790892,500.00,CNY,767d0c8a136d4d10431029b04d92181b,2019-07-11T15:19:29.26Z
935,klook,890467041343838,500.00,CNY,1526c114bbd3419e49e1cbe22686114b,2019-07-11T15:19:29.26Z
936,klook,387201584328860,500.00,CNY,3913dfe99ad44ca573f0aca856a5e424,2019-07-11T15:19:29.26Z
937,klook,905799561830946,500.00,CNY,fbb6a7a00b3245e442b80a3297ded203,2019-07-11T15:19:29.26Z
938,klook,204817405320246,500.00,CNY,a36cb981f82c4bad7aebbd39d92f7fe7,2019-07-11T15:19:29.26Z
939,klook,641837603883972,500.00,CNY,8569867fe7b54c357c7dc9b3037af641,2019-07-11T15:19:29.26Z
940,klook,199025180313350,500.00,CNY,938b7c48cd4b44c47b5679bb7ad3b210,2019-07-11T15:19:29.26Z
941,klook,696711706689638,500.00,CNY,71b27c7c9fc8492f4ae1be98f8e484a8,2019-07-11T15:19:29.26Z
942,klook,456959268163499,500.00,CNY,59b370bb174d45a545424b9ce4a4bef9,2019-07-11T15:19:29.26Z
943,klook,165408942995766,500.00,CNY,68cea3b9c1da4b417eacdae2919a3d6e,2019-07-11T15:19:29.26Z
944,klook,387902182045105,500.00,CNY,241d449d37ea4ea94df89d85974e8c73,2019-07-11T15:19:29.26Z
945,klook,733409929886845,500.00,CNY,1fc57cc881c947e66d252c12fe2605d4,2019-07-11T15:19:29.26Z
946,klook,427199794430563,500.00,CNY,f5f2dea0b708441a6d2fa9204c94e499,2019-07-11T15:19:29.26Z
947,klook,459807003144720,500.00,CNY,c7801df1e13c4c1546325e635c1067bf,2019-07-11T15:19:29.26Z
948,klook,193682571232449,500.00,CNY,3a8fd6d6f508413f6ab6c554d5c42807,2019-07-11T15:19:29.26Z
949,klook,909486992789556,500.00,CNY,fdf2b08a5e264b0a6a44c4de6a5f39a5,2019-07-11T15:19:29.26Z
950,klook,333352786480444,500.00,CNY,0a5a3a8b25ea45c6522d8bd98e46b12a,2019-07-11T15:19:29.26Z
951,klook,814840478655976,500.00,CNY,e242f8ca41e24c9c4e666916434dff96,2019-07-11T15:19:29.26Z
952,klook,894303156901667,500.00,CNY,a24514f398c64b654f083364eb78f69d,2019-07-11T15:19:29.26Z
953,klook,414643304984741,500.00,CNY,7ea0c970bbbc414c67ad2cd60f42529a,2019-07-11T15:19:29.26Z
954,klook,842252908384558,500.00,CNY,9f1a9e5061464b787bd4e09c37907962,2019-07-11T15:19:29.26Z
955,klook,810471272440842,500.00,CNY,de8777ca9ebe49d25ce8f6f625501373,2019-07-11T15:19:29.26Z
956,klook,950252851665165,500.00,CNY,5416da642d0c4162620fcb4e21aa288b,2019-07-11T15:19:29.26Z
957,klook,987213998935592,500.00,CNY,7b3fc0d6903048f577d48c0fa06e7c44,2019-07-11T15:19:29.26Z
958,klook,183200143645664,500.00,CNY,6e3ecf52072c4b56747f7a34f1a921f7,2019-07-11T15:19:29.26Z
959,klook,793817687649420,500.00,CNY,b493067348ae4b9864fcb6cdf3e09499,2019-07-11T15:19:29.26Z
960,klook,570802441217074,500.00,CNY,94161edef17a4b6b41bc2473cf6cb4c6,2019-07-11T15:19:29.26Z
961,klook,705040201939979,500.00,CNY,1a206463bc2948975dafa596da01b9b4,2019-07-11T15:19:29.26Z
962,klook,193345338715966,500.00,CNY,463b820197c64aba50ffb91955ed4efe,2019-07-11T15:19:29.26Z
963,klook,258913270676662,500.00,CNY,2de54f7e353440f2509892a97653a252,2019-07-11T15:19:29.26Z
964,klook,484666031885488,500.00,CNY,22d4b4da32774db95bd13c6d6c8428aa,2019-07-11T15:19:29.26Z
965,klook,143535847629810,500.00,CNY,ef21b7a8ba8e4a6a6615cc6a1193cabb,2019-07-11T15:19:29.26Z
966,klook,156791287949257,500.00,CNY,73e357e6dfc94c315a4b1253f4a119c9,2019-07-11T15:19:29.26Z
967,klook,819264763920201,500.00,CNY,9a9149f1df26467c796b90a187b7beb7,2019-07-11T15:19:29.26Z
968,klook,969096724979722,500.00,CNY,b705b6e171f54a9c53f324f1e47e59ce,2019-07-11T15:19:29.26Z
969,klook,657528126981472,500.00,CNY,4881321f8d2a448678f4f511b91e8a8a,2019-07-11T15:19:29.26Z
970,klook,629439947955304,500.00,CNY,85ad78820e8143a260a21f2f40852bdf,2019-07-11T15:19:29.26Z
971,klook,564944760459494,500.00,CNY,a835041602574b486d1b8a697fa0e2fa,2019-07-11T15:19:29.26Z
972,klook,357667399778727,500.00,CNY,79a1d4aad5fb4d6142d3122dd66d0489,2019-07-11T15:19:29.26Z
973,klook,615973181544866,500.00,CNY,966d77b8f0974c836230ecf598f2bad1,2019-07-11T15:19:29.26Z
974,klook,665945215306781,500.00,CNY,30d875adfc1540084346081f7e002df8,2019-07-11T15:19:29.26Z
975,klook,505989234736831,500.00,CNY,2e4268fb053f41e55156773a3bf15313,2019-07-11T15:19:29.26Z
976,klook,418452253039049,500.00,CNY,1d1dd58741bb4db4598f2dd6aed00b09,2019-07-11T15:19:29.26Z
977,klook,318710937842264,500.00,CNY,7baf9518472a4fc769b41da82ad43046,2019-07-11T15:19:29.26Z
978,klook,347868733467453,500.00,CNY,f3900eda532649365097cd406c51fad3,2019-07-11T15:19:29.26Z
979,klook,816790361406642,500.00,CNY,aff0dfd55e21461c7b2777b2ecefa6b4,2019-07-11T15:19:29.26Z
980,klook,463056385643292,500.00,CNY,1883492435144f7a56db254e540fb9a3,2019-07-11T15:19:29.26Z
981,klook,985876663499970,500.00,CNY,501e58c09d094ed8782cd4fcd010a264,2019-07-11T15:19:29.26Z
982,klook,908884271102661,500.00,CNY,c7278dee7735402861be556f8e60cda2,2019-07-11T15:19:29.26Z
983,klook,691623605649437,500.00,CNY,6364eb6db44b421c40e63d91b5fa7061,2019-07-11T15:19:29.26Z
984,klook,637085879672468,500.00,CNY,4a9c5825e7274fd97ceeef14f100cd12,2019-07-11T15:19:29.26Z
985,klook,720890076179284,500.00,CNY,77c687f5492b4bc75acd7d50dd0844c5,2019-07-11T15:19:29.26Z
986,klook,494894974172011,500.00,CNY,accd23b2773748624c0a8f0791b7e105,2019-07-11T15:19:29.26Z
987,klook,387652151158117,500.00,CNY,2ada4c80d7cf4f5f74a4f7adc03b02fa,2019-07-11T15:19:29.26Z
988,klook,498954149609471,500.00,CNY,baefa19387fc4367721b5218e561ee10,2019-07-11T15:19:29.26Z
989,klook,648808794208090,500.00,CNY,d5cd75de556b440c55d40d33e9e722c6,2019-07-11T15:19:29.26Z
990,klook,313531132050790,500.00,CNY,6cf3ee487a4b480142fb231d4cdb5d8d,2019-07-11T15:19:29.26Z
991,klook,289816693672611,500.00,CNY,4d101eac5afa49eb632659a6836963ce,2019-07-11T15:19:29.26Z
992,klook,820887378471114,500.00,CNY,fb84d5cf196c47b255330e7a5975b934,2019-07-11T15:19:29.26Z
993,klook,538038721482986,500.00,CNY,caa98e878a6a48404ea1b7bcfd17d79a,2019-07-11T15:19:29.26Z
994,klook,791283530180655,500.00,CNY,8061c5bad460450f779b98bb3b9ddd30,2019-07-11T15:19:29.26Z
995,klook,505790781754023,500.00,CNY,c57873938b8444bd749b2c5f30eec15e,2019-07-11T15:19:29.26Z
996,klook,874571546311552,500.00,CNY,38115c40accc432952f85f9e70dcf567,2019-07-11T15:19:29.26Z
997,klook,531109324813692,500.00,CNY,c593056d59e04d8b4fcafdff4fb9b093,2019-07-11T15:19:29.26Z
998,klook,567734659771009,500.00,CNY,9fb9095834cc4a9d51cff302f86909fc,2019-07-11T15:19:29.26Z
999,klook,797576828247623,500.00,CNY,46374866c78f4a6d71136a752443e543,2019-07-11T15:19:29.26Z
1000,klook,810334433910344,500.00,CNY,c5312e36fa0145967d651f1ba0527713,2019-07-11T15:19:29.26Z
